Series Name;Series Code;Country Name;Country Code;2023 [YR2023];2022 [YR2022];2021 [YR2021];2020 [YR2020];2019 [YR2019];2018 [YR2018];2017 [YR2017];2016 [YR2016];2015 [YR2015];2014 [YR2014];2013 [YR2013];2012 [YR2012];2011 [YR2011];2010 [YR2010];2009 [YR2009];2008 [YR2008];2007 [YR2007];2006 [YR2006];2005 [YR2005];2004 [YR2004]
Inflation, consumer prices (annual %);FP.CPI.TOTL.ZG;Afghanistan;AFG;..;..;..;..;2.302372515;0.626149149;4.975951506;4.383891955;-0.661709165;4.673996035;7.385771784;6.441212809;11.80418581;2.178537524;-6.811161089;26.41866415;8.680570785;6.78459655;12.68626872;..
Inflation, consumer prices (annual %);FP.CPI.TOTL.ZG;Albania;ALB;..;6.725202715;2.041471631;1.620886617;1.41109079;2.028059631;1.986661332;1.275431684;1.896174026;1.625865044;1.937620802;2.031592684;3.429123247;3.626046956;2.266922095;3.320870904;2.932682482;2.370728319;2.366581957;2.280019169
Inflation, consumer prices (annual %);FP.CPI.TOTL.ZG;Algeria;DZA;9.322173759;9.265515516;7.226063074;2.415130941;1.951768211;4.269990205;5.59111591;6.397694803;4.784447007;2.916926921;3.25423911;8.891450911;4.524211505;3.911061955;5.737060361;4.858590628;3.678995747;2.311499185;1.382446567;3.961800303
Inflation, consumer prices (annual %);FP.CPI.TOTL.ZG;American Samoa;ASM;..;..;..;..;..;..;..;..;..;..;..;..;..;..;..;..;..;..;..;..
Inflation, consumer prices (annual %);FP.CPI.TOTL.ZG;Andorra;AND;..;..;..;..;..;..;..;..;..;..;..;..;..;..;..;..;..;..;..;..
Inflation, consumer prices (annual %);FP.CPI.TOTL.ZG;Angola;AGO;13.64410178;21.35529013;25.75429488;22.27153925;17.08095414;19.62893797;29.8444799;30.69441508;9.355972155;7.280387304;8.777814293;10.27790492;13.48246792;14.46965649;13.73028393;12.47582913;12.25149745;13.30521018;22.95351385;43.54210675
Inflation, consumer prices (annual %);FP.CPI.TOTL.ZG;Antigua and Barbuda;ATG;5.067138654;7.531078346;2.062996385;0.625989707;1.431355982;1.207157934;2.43248789;-0.489437796;0.968993459;1.089441574;1.059497824;3.376880443;3.456749672;3.370025402;-0.550159996;5.333806398;1.416052594;1.787785374;2.098751967;2.030077579
Inflation, consumer prices (annual %);FP.CPI.TOTL.ZG;Argentina;ARG;..;..;..;..;..;..;..;..;..;..;..;..;..;..;..;..;..;..;..;..
Inflation, consumer prices (annual %);FP.CPI.TOTL.ZG;Armenia;ARM;1.980418776;8.64091109;7.184836294;1.211435778;1.443446608;2.52023382;0.969553269;-1.403607559;3.731691193;2.981308689;5.789667785;2.558020078;7.650008079;8.176361385;3.406766827;8.949953354;4.407360896;2.892356625;0.638928002;6.961261359
Inflation, consumer prices (annual %);FP.CPI.TOTL.ZG;Aruba;ABW;..;..;..;..;4.257462043;3.626041414;-1.028281788;-0.931195987;0.474763597;0.421440919;-2.372065243;0.627471993;4.316297422;2.078140719;-2.13542872;8.955987052;5.392567845;3.608024388;3.397786778;2.529129469
Inflation, consumer prices (annual %);FP.CPI.TOTL.ZG;Australia;AUS;5.597014925;6.594096713;2.863910422;0.846905537;1.610767873;1.911400944;1.948647409;1.276990945;1.508366722;2.487922705;2.449888641;1.762780156;3.303850156;2.918340027;1.771117166;4.35029855;2.327611289;3.555287737;2.691831683;2.343255225
Inflation, consumer prices (annual %);FP.CPI.TOTL.ZG;Austria;AUT;7.81413417;8.546869932;2.766666667;1.381910634;1.530895642;1.998379814;2.081269114;0.891591753;0.896563335;1.60581183;2.000156169;2.485675622;3.286579149;1.81353439;0.506308828;3.215950332;2.168555288;1.441548511;2.299137856;2.06120618
Inflation, consumer prices (annual %);FP.CPI.TOTL.ZG;Azerbaijan;AZE;8.785430498;13.85225901;6.650299127;2.75980947;2.610571828;2.268546904;12.93591842;12.44337486;4.027685737;1.373441815;2.415717453;1.066213397;7.858333333;5.726872247;1.45704836;20.84908718;16.69975496;8.328924829;9.679507319;6.708930428
Inflation, consumer prices (annual %);FP.CPI.TOTL.ZG;Bahamas, The;BHS;3.05291579;5.605406336;2.904912629;0.038521098;2.491235274;2.265863467;1.518207007;-0.34637693;1.861483029;1.513756431;0.722414785;1.97336756;3.198781417;1.344027384;2.062734735;4.489559954;2.492577949;2.389826274;1.591606181;0.981914037
Inflation, consumer prices (annual %);FP.CPI.TOTL.ZG;Bahrain;BHR;0.074620678;3.625741043;-0.606319385;-2.317706293;1.005820047;2.08766938;1.386718306;2.786793476;1.848627424;2.647553212;3.300011569;2.7573967;-0.400040697;1.961884683;2.795512836;3.526003164;3.256666667;2.007469655;2.586206897;2.352941176
Inflation, consumer prices (annual %);FP.CPI.TOTL.ZG;Bangladesh;BGD;9.883503038;7.696954372;5.545654308;5.691074747;5.591996399;5.543621395;5.702070157;5.513525727;6.19428023;6.991638892;7.530406409;6.217504221;11.39516516;8.126676392;5.423472362;8.901944895;9.106984969;6.765261171;7.046618162;7.587536385
Inflation, consumer prices (annual %);FP.CPI.TOTL.ZG;Barbados;BRB;9.792070771;..;..;..;4.100289645;3.673814104;4.66018464;1.281928131;-1.112789925;1.769503221;1.81410436;4.533347539;9.432202402;5.824218533;3.643861893;8.108108108;4.034229829;7.307662628;6.082187295;1.394422311
Inflation, consumer prices (annual %);FP.CPI.TOTL.ZG;Belarus;BLR;5.000599031;15.20967527;9.460283896;5.548143575;5.59815595;4.872302206;6.031837252;11.83658077;13.53448976;18.11955435;18.31226104;59.21973602;53.22869831;7.735748043;12.94565634;14.83787648;8.426752735;6.997129035;10.33887945;18.10824249
Inflation, consumer prices (annual %);FP.CPI.TOTL.ZG;Belgium;BEL;4.049010776;9.597511729;2.440248511;0.740791812;1.43681957;2.053164999;2.12597086;1.973852647;0.561429153;0.340002833;1.11309594;2.839663434;3.532082107;2.189299204;-0.053145674;4.489444205;1.8230563;1.791207701;2.781432637;2.097283112
Inflation, consumer prices (annual %);FP.CPI.TOTL.ZG;Belize;BLZ;4.389840175;6.276893194;3.235636592;0.121434645;0.187069385;0.269982623;1.147653393;0.663427168;-0.861584009;1.201399645;0.509747769;1.300580745;1.602056156;0.917977379;-1.104310449;6.394431003;2.318082746;-7.113767713;-1.104310444;6.394430997
Inflation, consumer prices (annual %);FP.CPI.TOTL.ZG;Benin;BEN;2.731024653;1.350778636;1.733539627;3.022721197;0.732849371;0.919170718;0.043264856;-0.793310146;0.218785924;-0.548757551;0.428888889;6.744682533;2.704239077;2.207835325;0.896072356;7.947298761;1.298068133;3.782176965;5.364520858;0.873890831
Inflation, consumer prices (annual %);FP.CPI.TOTL.ZG;Bermuda;BMU;..;..;..;..;..;..;..;..;..;..;..;..;..;..;..;..;..;..;..;..
Inflation, consumer prices (annual %);FP.CPI.TOTL.ZG;Bhutan;BTN;4.229344199;5.639166714;7.346814405;5.629365226;2.726430374;2.723963862;4.95508367;3.219886894;4.548143951;8.271060939;8.776383453;10.91965694;8.848985699;7.036383161;4.361122191;8.327160494;5.156111388;5.00045438;5.312631046;4.105936983
Inflation, consumer prices (annual %);FP.CPI.TOTL.ZG;Bolivia;BOL;2.576888005;1.746328729;0.737383721;0.940742153;1.83954505;2.272059872;2.822758055;3.623214318;4.059610411;5.766600746;5.736400237;4.515602914;9.884464198;2.503276058;3.346454201;14.00681077;8.705609236;4.282396048;5.393231069;4.437380801
Inflation, consumer prices (annual %);FP.CPI.TOTL.ZG;Bosnia and Herzegovina;BIH;..;..;..;..;..;..;..;..;..;..;..;2.05267452;3.67125;1.996212367;-0.381464282;7.427043103;1.500777106;6.125566156;..;..
Inflation, consumer prices (annual %);FP.CPI.TOTL.ZG;Botswana;BWA;5.067615493;11.66556748;7.240977656;1.890359168;2.772864429;3.238015589;3.308280768;2.814957914;3.062031696;4.402253092;5.884607071;7.536902611;8.459872334;6.948876587;8.027297031;12.70218839;7.080998472;11.55521879;8.610225285;6.945703637
Inflation, consumer prices (annual %);FP.CPI.TOTL.ZG;Brazil;BRA;4.593562823;9.28010609;8.301659756;3.211768038;3.732976212;3.664850284;3.44637335;8.739143523;9.029901024;6.329040155;6.204310666;5.40349914;6.636449622;5.038726901;4.888034799;5.678593903;3.641272991;4.183568129;6.869537209;6.5971851
Inflation, consumer prices (annual %);FP.CPI.TOTL.ZG;British Virgin Islands;VGB;..;..;..;..;..;..;..;..;..;..;..;..;..;..;..;..;..;..;..;..
Inflation, consumer prices (annual %);FP.CPI.TOTL.ZG;Brunei Darussalam;BRN;0.357064312;3.682250306;1.733413885;1.940319966;-0.390522069;1.025051793;-1.260505646;-0.278693266;-0.488347421;-0.207108732;0.389205053;0.111766261;0.137911563;0.356869132;1.035717743;2.084980237;0.96777412;0.159888078;1.244437119;0.814223995
Inflation, consumer prices (annual %);FP.CPI.TOTL.ZG;Bulgaria;BGR;9.442841401;15.32525893;3.297744353;1.672440969;3.103729448;2.814544738;2.061596194;-0.798649886;-0.104633261;-1.418183803;0.890093541;2.954568298;4.219903466;2.438990605;2.753202239;12.3487196;8.40253419;7.261594628;5.038838071;6.147130742
Inflation, consumer prices (annual %);FP.CPI.TOTL.ZG;Burkina Faso;BFA;0.742910429;14.29023543;3.653532872;1.884439938;-3.23338934;1.955943027;1.482998972;0.441041448;0.724838981;-0.258089518;0.533738507;3.818152403;2.759767249;-0.764230735;2.608176664;10.6597979;-0.230627306;2.333108564;6.415040184;-0.400228702
Inflation, consumer prices (annual %);FP.CPI.TOTL.ZG;Burundi;BDI;26.94148358;18.80087867;8.404538451;7.321106434;-0.686772171;-2.814698077;16.0525353;5.557689614;5.544688913;4.405352342;7.937958075;18.16104531;9.59216606;6.493265915;10.55543553;24.40695104;8.412062858;2.745420002;13.25206992;8.176429375
Inflation, consumer prices (annual %);FP.CPI.TOTL.ZG;Cabo Verde;CPV;..;7.930929254;1.862152975;0.605795808;1.106666743;1.256995667;0.784415251;-1.407816371;0.131187999;-0.238778145;1.506542857;2.540396442;4.473883422;2.078664709;0.991103481;6.774435464;4.410997042;5.369076871;0.418891613;-1.890821723
Inflation, consumer prices (annual %);FP.CPI.TOTL.ZG;Cambodia;KHM;2.127467966;5.343702649;2.920734776;2.940295143;1.942575008;2.459085154;2.912635574;3.019139751;1.223931955;3.855688614;2.941625095;2.934316093;5.478447496;3.996395281;-1.241717542;24.09685193;8.708827706;5.810685505;6.61525912;4.319336774
Inflation, consumer prices (annual %);FP.CPI.TOTL.ZG;Cameroon;CMR;7.382813843;6.247677133;2.271857625;2.437608822;2.452802141;1.068858113;0.64040915;0.874190383;2.676235314;1.854898504;2.05034718;2.735296775;2.939699463;1.275380462;3.043618479;5.337806276;0.921402246;5.11757816;2.013539502;0.23364738
Inflation, consumer prices (annual %);FP.CPI.TOTL.ZG;Canada;CAN;3.879001598;6.802801153;3.395193185;0.716999632;1.949269024;2.268225672;1.596884129;1.428759547;1.125241361;1.906635907;0.938291898;1.515678231;2.912135089;1.776871541;0.299466803;2.370270674;2.138383993;2.002025395;2.213552034;1.857258719
Inflation, consumer prices (annual %);FP.CPI.TOTL.ZG;Cayman Islands;CYM;..;..;..;..;..;..;..;-0.625258359;-2.347527702;1.273979115;2.160611468;1.188948452;1.325435758;0.276140862;..;..;..;..;..;..
Inflation, consumer prices (annual %);FP.CPI.TOTL.ZG;Central African Republic;CAF;2.979138526;5.583167352;4.259364175;1.710156595;2.685373553;1.61215687;4.180723319;4.945432761;1.402970171;14.89868418;6.98879342;5.478295943;1.194475724;1.4910237;3.521262272;9.258950994;0.959917619;6.695264658;2.883520734;-2.066406011
Inflation, consumer prices (annual %);FP.CPI.TOTL.ZG;Chad;TCD;10.83635684;5.788026878;-0.77284437;4.464144372;-0.971939175;4.274621986;-1.53709963;-0.792440525;4.377126651;1.681973139;0.222671565;7.516623647;2.029240537;-2.077865746;9.952422907;10.29697582;-8.97473962;8.03628898;7.890365675;-5.355400289
Inflation, consumer prices (annual %);FP.CPI.TOTL.ZG;Channel Islands;CHI;..;..;..;..;..;..;..;..;..;..;..;..;..;..;..;..;..;..;..;..
Inflation, consumer prices (annual %);FP.CPI.TOTL.ZG;Chile;CHL;7.581682514;11.64386671;4.524568383;3.045490848;2.557544757;2.434889814;2.182718469;3.786193559;4.348773532;4.718675279;1.78955554;3.007448402;3.341216943;1.41071108;0.353045178;8.71626873;4.407799384;3.392017337;3.052576214;1.054738714
Inflation, consumer prices (annual %);FP.CPI.TOTL.ZG;China;CHN;0.234836829;1.973575557;0.981015136;2.419421895;2.899234164;2.0747904;1.593136001;2.000001822;1.437023809;1.921641628;2.621050017;2.619524326;5.553898923;3.175324753;-0.728165251;5.92525137;4.816767674;1.649430995;1.776414077;3.824637431
Inflation, consumer prices (annual %);FP.CPI.TOTL.ZG;Colombia;COL;11.73590449;10.17723135;3.495057574;2.526635001;3.523019327;3.240569329;4.314313257;7.513460246;4.989831158;2.898837878;2.016992243;3.169301888;3.415033448;2.272002279;4.202516612;6.996884956;5.544384858;4.293423636;5.051019627;5.904020055
Inflation, consumer prices (annual %);FP.CPI.TOTL.ZG;Comoros;COM;..;..;..;..;..;..;..;..;..;..;-4.294873315;6.314744503;1.842663008;3.354757703;4.362348293;1.700781763;4.466167101;3.374363601;3.013323951;4.474992891
Inflation, consumer prices (annual %);FP.CPI.TOTL.ZG;Congo, Dem. Rep.;COD;..;..;..;..;..;..;..;2.885851073;0.744198995;1.243038898;0.808223101;9.721828063;15.31651591;7.1;2.8;17.30138457;16.94510065;13.05269497;21.31681672;3.994384008
Inflation, consumer prices (annual %);FP.CPI.TOTL.ZG;Congo, Rep.;COG;4.301745636;3.043443347;1.715642755;1.795371471;2.206073058;1.152778964;0.450063823;3.190561797;3.169097968;0.912139545;4.631616197;5.010187731;1.759587043;0.391525011;4.415003748;4.95875092;2.654646451;6.537843953;3.094490115;2.42976608
Inflation, consumer prices (annual %);FP.CPI.TOTL.ZG;Costa Rica;CRI;0.525193509;8.274774902;1.726477551;0.724911478;2.096046353;2.221114615;1.62590693;-0.017478851;0.801982005;4.519200985;5.231336142;4.495453144;4.87799831;5.662757084;7.842701677;13.42446355;9.357244564;11.47059681;13.79829491;12.31481502
Inflation, consumer prices (annual %);FP.CPI.TOTL.ZG;Cote d'Ivoire;CIV;4.38711707;5.276167243;4.091951897;2.425006568;-1.10686344;0.359409031;0.685881065;0.723178458;1.251499548;0.448682077;2.581170373;1.304511199;4.912433951;1.226456121;1.019504577;6.308527692;1.892006293;2.467191486;3.885830399;1.457988356
Inflation, consumer prices (annual %);FP.CPI.TOTL.ZG;Croatia;HRV;7.941281776;10.78058068;2.554506996;0.154811375;0.771820346;1.50012501;1.129372103;-1.125;-0.464499005;-0.21519616;2.216582064;3.412073491;2.272727273;1.030555053;2.378528459;6.076968388;2.899282756;3.189825915;3.317178244;2.055396791
Inflation, consumer prices (annual %);FP.CPI.TOTL.ZG;Cuba;CUB;..;..;..;..;..;..;..;..;..;..;..;..;..;..;..;..;..;..;..;..
Inflation, consumer prices (annual %);FP.CPI.TOTL.ZG;Curacao;CUW;..;..;..;..;2.622207834;2.583687566;1.585588017;-0.047207985;-0.47654205;1.498739696;1.332320862;3.183987463;2.332531526;2.779442613;1.753316054;6.876323937;2.995720399;3.114995241;4.117117117;1.379121381
Inflation, consumer prices (annual %);FP.CPI.TOTL.ZG;Cyprus;CYP;3.541341888;8.39548298;2.446088672;-0.638422798;0.250370997;1.435491195;0.531766496;-1.429166667;-2.096997691;-1.354988854;-0.399357676;2.3890541;3.289449396;2.430040841;0.326276652;4.669008419;2.372651837;2.30468733;2.560161323;2.286217068
Inflation, consumer prices (annual %);FP.CPI.TOTL.ZG;Czechia;CZE;10.66126014;15.10016515;3.839844915;3.161295285;2.847875959;2.149494949;2.450533985;0.683504209;0.309364548;0.34398859;1.438297872;3.287623066;1.917219136;1.472727273;1.019377353;6.358663802;2.853124372;2.533992583;1.857097891;2.760107817
Inflation, consumer prices (annual %);FP.CPI.TOTL.ZG;Denmark;DNK;3.305178112;7.696566999;1.85304544;0.420711974;0.758131573;0.813609467;1.14713217;0.25;0.452034154;0.56402054;0.78907178;2.397914857;2.758682261;2.31092437;1.30470991;3.416267943;1.693265862;1.924221385;1.817814583;1.154356931
Inflation, consumer prices (annual %);FP.CPI.TOTL.ZG;Djibouti;DJI;1.495068165;5.17980848;1.181917753;1.777407838;3.319253727;0.14797085;0.568112117;2.738412087;-0.847389734;1.341864943;2.706032429;3.731209508;5.068713948;3.950078759;1.675495873;11.95862069;4.965976546;3.483406997;3.104966401;3.122262047
Inflation, consumer prices (annual %);FP.CPI.TOTL.ZG;Dominica;DMA;3.481158004;7.780615252;1.48319445;-0.727116413;1.504623539;0.989191119;0.296252889;0.141816226;-0.843826985;0.799250373;-0.046411647;1.356771478;1.131231365;2.999366305;0.006263571;6.359921833;3.632221293;2.202391326;1.681900799;2.394109821
Inflation, consumer prices (annual %);FP.CPI.TOTL.ZG;Dominican Republic;DOM;4.78561281;8.811092093;8.24300348;3.781031799;1.81060377;3.56443426;3.279556947;1.614166072;0.836746347;2.998642261;4.830950967;3.694497079;5.796768092;6.329932201;1.442151318;10.6446211;6.143566552;7.572805239;4.190202605;51.46085983
Inflation, consumer prices (annual %);FP.CPI.TOTL.ZG;Ecuador;ECU;2.215687642;3.466169722;0.133251386;-0.338872393;0.266012515;-0.224103246;0.417335589;1.728264633;3.966646233;3.589220166;2.721775777;5.10172181;4.474532658;3.554377346;5.159968292;8.40009594;2.27618478;3.298748463;2.168277012;2.743231989
Inflation, consumer prices (annual %);FP.CPI.TOTL.ZG;Egypt, Arab Rep.;EGY;33.88477631;13.89566098;5.214049405;5.04493289;9.152799593;14.40146578;29.50660839;13.81360621;10.37049034;10.07021547;9.469719811;7.111729433;10.06492599;11.26518827;11.76349544;18.31683168;9.318969058;7.644526445;4.869396969;11.27061933
Inflation, consumer prices (annual %);FP.CPI.TOTL.ZG;El Salvador;SLV;4.045546942;7.198616156;3.466925853;-0.371590212;0.075324135;1.090330006;1.012354033;0.604049087;-0.731384487;1.141344675;0.757669185;1.729734816;5.128923767;1.179335769;1.055950297;6.707922935;4.578085724;4.037123594;4.690948709;4.451943924
Inflation, consumer prices (annual %);FP.CPI.TOTL.ZG;Equatorial Guinea;GNQ;..;4.786717047;-0.097100766;4.766695239;1.53027529;1.060074107;0.744354747;1.411939155;1.676630853;4.309998661;2.948876946;3.656620483;4.805389222;7.78916548;4.691065677;6.551766912;2.803738318;4.415899842;5.631633514;4.219687871
Inflation, consumer prices (annual %);FP.CPI.TOTL.ZG;Eritrea;ERI;..;..;..;..;..;..;..;..;..;..;..;..;..;..;..;..;..;..;..;..
Inflation, consumer prices (annual %);FP.CPI.TOTL.ZG;Estonia;EST;9.15922508;19.39826341;4.653166738;-0.444531098;2.277259312;3.436326884;3.417235495;0.148684908;-0.492326007;-0.106175147;2.78056659;3.933399873;4.981901315;2.97204512;-0.078408311;10.36235803;6.601326031;4.437620424;4.079714232;3.048111075
Inflation, consumer prices (annual %);FP.CPI.TOTL.ZG;Eswatini;SWZ;..;..;..;..;2.598016203;4.815061675;6.221375289;7.847274591;4.951244937;5.681348858;5.621306235;8.939646828;6.107427146;4.509236918;7.448234234;12.65746019;8.076088279;5.304639463;4.774004046;3.445335073
Inflation, consumer prices (annual %);FP.CPI.TOTL.ZG;Ethiopia;ETH;30.21882781;33.88987971;26.83952216;20.35634686;15.80963217;13.83303566;10.68711503;6.628133372;9.56889956;6.890019516;7.464021929;23.60041768;33.24995988;8.14926403;8.483644045;44.35668588;17.24040083;12.29947631;9.969971235;3.327370479
Inflation, consumer prices (annual %);FP.CPI.TOTL.ZG;Faroe Islands;FRO;..;..;..;..;..;..;..;..;..;..;..;..;..;..;..;..;..;..;..;..
Inflation, consumer prices (annual %);FP.CPI.TOTL.ZG;Fiji;FJI;..;4.520192664;0.155855722;-2.595243259;1.773101825;4.081476376;3.347578348;3.863225382;1.374885426;0.519306475;2.913541936;3.423375234;7.278117827;3.689012297;3.13103559;7.732278579;4.803706413;2.490836388;2.365764538;2.827485194
Inflation, consumer prices (annual %);FP.CPI.TOTL.ZG;Finland;FIN;6.250643222;7.123507733;2.194574323;0.290554556;1.02409393;1.083820984;0.754015047;0.356684501;-0.20792884;1.041196212;1.478286157;2.808336226;3.416807543;1.184135232;-9.1736E-07;4.065953554;2.510665652;1.566663807;0.62387445;0.187120559
Inflation, consumer prices (annual %);FP.CPI.TOTL.ZG;France;FRA;4.878357265;5.222367484;1.64233141;0.476498853;1.108254923;1.850815083;1.032282751;0.183334861;0.037514381;0.507758823;0.863715498;1.954195316;2.111597952;1.531122704;0.087620478;2.812861949;1.48799806;1.675124496;1.745869364;2.142089646
Inflation, consumer prices (annual %);FP.CPI.TOTL.ZG;French Polynesia;PYF;..;..;..;..;..;..;..;..;..;..;..;..;..;..;..;..;..;..;..;..
Inflation, consumer prices (annual %);FP.CPI.TOTL.ZG;Gabon;GAB;3.629015342;4.231247983;1.086907465;1.352761107;2.464567562;4.749066521;2.651925831;2.106707128;-0.338795189;4.690457518;0.505441059;2.652418287;1.263317078;1.461544027;1.885707546;5.264301456;5.030318837;-1.409401366;3.708333333;0.408205307
Inflation, consumer prices (annual %);FP.CPI.TOTL.ZG;Gambia, The;GMB;16.97421296;11.51311984;7.370347589;5.931276366;7.115676256;6.520968239;8.034189745;7.228792721;6.808454946;5.947999357;5.699129896;4.254321998;4.795882662;5.049680759;4.561506877;4.443654909;5.369134738;2.056503424;4.838621775;14.20674328
Inflation, consumer prices (annual %);FP.CPI.TOTL.ZG;Georgia;GEO;2.487760566;11.89816542;9.566914338;5.20246489;4.852898217;2.615244714;6.035317253;2.134927139;4.003578207;3.068812104;-0.512058411;-0.943658853;8.542933333;7.110178975;1.727514611;9.999487616;9.244897456;9.160965084;8.247090431;5.656326362
Inflation, consumer prices (annual %);FP.CPI.TOTL.ZG;Germany;DEU;5.946436677;6.872574386;3.066666667;0.144877926;1.445659769;1.732168798;1.509494851;0.491747008;0.514426137;0.906794;1.504723303;2.008488848;2.075172837;1.103810378;0.312739007;2.628379816;2.298344007;1.577426428;1.546911148;1.665736967
Inflation, consumer prices (annual %);FP.CPI.TOTL.ZG;Ghana;GHA;38.10696563;31.2558951;9.971088675;9.887289563;7.143640033;7.808765166;12.37192155;17.45463471;17.1499695;15.48961603;11.66619231;11.18634094;8.728459371;10.73338984;19.24694822;16.49463961;10.73426655;11.67918394;15.43899202;18.04273882
Inflation, consumer prices (annual %);FP.CPI.TOTL.ZG;Gibraltar;GIB;..;..;..;..;..;..;..;..;..;..;..;..;..;..;..;..;..;..;..;..
Inflation, consumer prices (annual %);FP.CPI.TOTL.ZG;Greece;GRC;3.464801285;9.645259813;1.22382501;-1.247983556;0.253007522;0.625621413;1.12125452;-0.825653978;-1.735888048;-1.312260964;-0.921269454;1.501526962;3.329853234;4.712989078;1.210072692;4.152797081;2.895003215;3.195946841;3.545072733;2.898848108
Inflation, consumer prices (annual %);FP.CPI.TOTL.ZG;Greenland;GRL;..;..;..;..;..;..;..;..;..;..;..;..;..;..;..;..;..;..;..;..
Inflation, consumer prices (annual %);FP.CPI.TOTL.ZG;Grenada;GRD;2.696122698;2.580539259;1.219511939;-0.740732597;0.598149765;0.804102313;0.908458256;1.650389944;-0.515448031;-0.983603056;-0.043999786;2.41077704;3.033472803;3.436509059;-0.30865478;8.033273277;3.858829225;4.25195322;3.475806938;2.312916782
Inflation, consumer prices (annual %);FP.CPI.TOTL.ZG;Guam;GUM;..;..;..;..;..;..;..;..;..;..;..;..;..;..;..;..;..;..;..;..
Inflation, consumer prices (annual %);FP.CPI.TOTL.ZG;Guatemala;GTM;6.206575923;6.885128233;4.261051274;3.214440622;3.69998398;3.751861867;4.424536552;4.448441999;2.388720328;3.418361697;4.343371313;3.781807547;6.214123931;3.859509098;1.859102547;11.35576113;6.821617536;6.560852828;9.108649857;7.578622473
Inflation, consumer prices (annual %);FP.CPI.TOTL.ZG;Guinea;GIN;7.804975919;10.493041;12.59728826;10.60162034;9.470010393;9.827617013;8.914359479;8.172681123;11.7800825;6.150505567;11.88758845;15.2262941;21.31692685;15.05026886;4.68438869;23.06561294;18.17556561;34.6952706;31.37330259;..
Inflation, consumer prices (annual %);FP.CPI.TOTL.ZG;Guinea-Bissau;GNB;..;9.393838775;2.242488796;1.140009394;0.246600268;0.381324703;1.691114618;1.503120559;1.476720489;-1.509244606;1.207125557;2.130545803;5.046102263;2.517851402;-1.651397336;10.46007314;4.617437722;1.954737176;3.329199228;0.883302697
Inflation, consumer prices (annual %);FP.CPI.TOTL.ZG;Guyana;GUY;2.821103351;6.115055501;5.032855746;0.993337023;2.087230892;1.282842884;1.904656155;0.836008062;-1.001734328;0.852630498;1.901251819;2.391935213;4.977735637;3.733377577;2.952300964;8.10202207;12.20015444;6.677157904;6.925543039;4.668466224
Inflation, consumer prices (annual %);FP.CPI.TOTL.ZG;Haiti;HTI;36.81351628;33.98393195;16.84152402;22.79631136;18.70378257;12.48141112;10.68008872;11.50290739;6.731840697;3.4381666;4.765024048;5.018041554;6.332794838;4.827341901;0.39388604;15.28177448;6.557227726;11.34521522;13.97300833;21.03183393
Inflation, consumer prices (annual %);FP.CPI.TOTL.ZG;Honduras;HND;6.663251803;9.089639115;4.480879634;3.46841178;4.365871598;4.347349378;3.934360844;2.724612233;3.15783118;6.129249303;5.161898986;5.196186155;6.762279573;4.69889065;5.496342738;11.40342708;6.936214709;5.577752077;8.809060748;8.113790971
Inflation, consumer prices (annual %);FP.CPI.TOTL.ZG;Hong Kong SAR, China;HKG;2.096605112;1.881367072;1.568758344;0.250962021;2.883208538;2.40613432;1.493872439;2.409307439;2.990848193;4.42364532;4.337993421;4.053909509;5.30524893;2.292890886;0.579441418;4.303154841;2.035027134;2.000251604;0.826446281;-0.274725275
Inflation, consumer prices (annual %);FP.CPI.TOTL.ZG;Hungary;HUN;17.12496597;14.60814395;5.110965344;3.326743858;3.338586354;2.850247926;2.348242812;0.394769307;-0.06164468;-0.227566271;1.73319985;5.652145171;3.929920989;4.855557957;4.211711712;6.042512539;7.958745165;3.930326038;3.561517114;6.744346796
Inflation, consumer prices (annual %);FP.CPI.TOTL.ZG;Iceland;ISL;8.736302999;8.308755116;4.444239702;2.847924015;3.013971792;2.682917683;1.760415592;1.69692762;1.633055582;2.044614815;3.872279237;5.185899888;4.001026643;5.396731132;12.00312985;12.69439428;5.051557365;6.687079061;3.987047828;3.158193243
Inflation, consumer prices (annual %);FP.CPI.TOTL.ZG;India;IND;5.649143189;6.699034141;5.131407472;6.623436776;3.729505735;3.938826467;3.328173375;4.948216341;4.906973441;6.665656719;10.01787847;9.478996914;8.911793365;11.98938992;10.88235294;8.349267049;6.372881356;5.796523376;4.24634362;3.767251735
Inflation, consumer prices (annual %);FP.CPI.TOTL.ZG;Indonesia;IDN;3.670131424;4.209463834;1.560129905;1.920968006;3.03058665;3.198346416;3.80879807;3.525805157;6.363121131;6.394925408;6.412513302;4.279499996;5.35604779;5.134204008;4.38641555;10.22666455;6.406562813;13.1086721;10.45319842;6.064059885
Inflation, consumer prices (annual %);FP.CPI.TOTL.ZG;Iran, Islamic Rep.;IRN;44.57918576;43.48846417;43.38901627;30.59413904;39.90734557;18.01411834;8.044924377;7.24542549;12.48468156;16.60655324;36.60303552;27.25681272;26.29338567;10.08936293;13.55155483;25.41050903;17.34104046;10.01589825;13.43311801;14.7615087
Inflation, consumer prices (annual %);FP.CPI.TOTL.ZG;Iraq;IRQ;..;4.994765964;6.041864891;0.574162679;-0.19896538;0.367441489;0.184058899;0.556521397;1.393330288;2.235974079;1.879498007;6.089096416;5.801455371;2.877747253;6.873615472;12.66285283;-10.06749258;53.23096291;36.95948092;26.96190682
Inflation, consumer prices (annual %);FP.CPI.TOTL.ZG;Ireland;IRL;6.299424874;7.829457364;2.340341134;-0.326183651;0.937842961;0.471130714;0.362173038;0.020124774;-0.330959783;0.190916399;0.515099485;1.694741167;2.548978302;-0.918388645;-4.447546869;4.035688349;4.885745375;3.93576114;2.456546929;2.178546057
Inflation, consumer prices (annual %);FP.CPI.TOTL.ZG;Isle of Man;IMN;..;..;..;..;..;..;..;..;..;..;..;..;..;..;..;..;..;..;..;..
Inflation, consumer prices (annual %);FP.CPI.TOTL.ZG;Israel;ISR;4.225352113;4.393596659;1.510200477;-0.614412358;0.849783128;0.79407566;0.259414975;-0.551552353;-0.601291007;0.479786761;1.570255392;1.679207194;3.484949198;2.691370063;3.35617819;4.552160169;0.455170954;2.063526361;1.313485114;-0.381637771
Inflation, consumer prices (annual %);FP.CPI.TOTL.ZG;Italy;ITA;5.622194422;8.201289912;1.873783258;-0.137707574;0.611246944;1.137487636;1.226533166;-0.094016657;0.0387904;0.24104743;1.219993423;3.041363332;2.780632729;1.525516021;0.774768131;3.347832584;1.829741122;2.09084391;1.985292985;2.206736614
Inflation, consumer prices (annual %);FP.CPI.TOTL.ZG;Jamaica;JAM;6.474137347;10.34956884;5.862782428;5.226777793;3.905100009;3.736638822;4.37839865;2.351021975;3.691542289;8.274078862;9.341500766;6.873977087;7.555856466;12.610552;9.592245989;22.0228385;9.244820673;8.561064087;15.05286589;13.55450237
Inflation, consumer prices (annual %);FP.CPI.TOTL.ZG;Japan;JPN;3.268133659;2.497702782;-0.233352779;-0.024995834;0.468776159;0.989094598;0.484199796;-0.127258844;0.795279631;2.759226714;0.335037912;-0.04406451;-0.272455616;-0.728243208;-1.35283673;1.380078862;0.060039454;0.249355116;-0.282946069;-0.008573388
Inflation, consumer prices (annual %);FP.CPI.TOTL.ZG;Jordan;JOR;2.084869863;4.229155689;1.346093772;0.333294351;0.761514047;4.462311085;3.323894476;-0.778430463;-0.87685136;2.89947905;4.824623143;4.515229567;4.162441629;4.845518759;-0.739069743;13.971231;4.74390639;6.251724667;3.493685346;3.361868215
Inflation, consumer prices (annual %);FP.CPI.TOTL.ZG;Kazakhstan;KAZ;14.72499002;15.02786444;8.04147134;6.718154549;5.333560989;6.163662476;7.442663213;14.36109424;6.678285856;6.84944977;5.942838716;5.19568369;8.452904662;7.400463563;7.316078583;17.13989978;10.84683621;8.721693861;7.579999291;6.88205439
Inflation, consumer prices (annual %);FP.CPI.TOTL.ZG;Kenya;KEN;7.67139634;7.659862683;6.107936037;5.405162079;5.239637958;4.689806468;8.005649677;6.297249538;6.582154293;6.878154993;5.71749357;9.377770035;14.0224913;3.961388891;9.234125924;26.23981664;9.75888023;14.45373421;10.31277836;11.62403554
Inflation, consumer prices (annual %);FP.CPI.TOTL.ZG;Kiribati;KIR;..;..;2.053616768;2.553245544;-1.813079953;0.564030491;0.355520889;1.917310902;0.572015744;2.103985209;-1.488059085;-3.045862928;1.497409799;-3.899550407;9.816438845;13.66539953;3.592521313;..;..;..
Inflation, consumer prices (annual %);FP.CPI.TOTL.ZG;Korea, Dem. People's Rep.;PRK;..;..;..;..;..;..;..;..;..;..;..;..;..;..;..;..;..;..;..;..
Inflation, consumer prices (annual %);FP.CPI.TOTL.ZG;Korea, Rep.;KOR;3.59745625;5.089513651;2.498333333;0.537288023;0.383000304;1.47583935;1.944332308;0.97168574;0.706331772;1.274774464;1.301347545;2.187071044;4.025965004;2.939286527;2.756496545;4.673896555;2.534573821;2.242340285;2.753791627;3.590662989
Inflation, consumer prices (annual %);FP.CPI.TOTL.ZG;Kosovo;XKX;4.944227096;11.58051045;3.353691392;0.198227923;2.675992026;1.053797737;1.488234306;0.273169431;-0.536929393;0.428957808;1.767324284;2.476737822;7.336417713;3.480507637;-2.410264017;9.350417647;4.358496953;0.621646939;-1.385189132;-1.064726966
Inflation, consumer prices (annual %);FP.CPI.TOTL.ZG;Kuwait;KWT;3.64216403;3.98064962;3.423629476;2.101729548;1.091848027;0.543133148;2.171832985;3.198397767;3.271701661;2.908926729;2.682296841;3.255146003;4.839403499;4.496402878;4.609595484;10.58270979;5.484949833;3.057013392;4.142975836;1.248564437
Inflation, consumer prices (annual %);FP.CPI.TOTL.ZG;Kyrgyz Republic;KGZ;10.75327704;13.92290932;11.90503982;6.325422963;1.133622577;1.542661452;3.175309864;0.388838297;6.50331839;7.534247298;6.613752024;2.768442365;16.63632627;7.967722256;6.836562481;24.52010242;10.23010327;5.552123332;4.338673918;4.110650847
Inflation, consumer prices (annual %);FP.CPI.TOTL.ZG;Lao PDR;LAO;31.23013417;22.95622251;3.755620367;5.10407263;3.322558813;2.040392669;0.825478608;1.596912276;1.277354271;4.129243069;6.371427178;4.255126778;7.568988561;5.982545216;0.141187675;7.628808876;4.661972695;6.545594391;7.165417599;10.46226673
Inflation, consumer prices (annual %);FP.CPI.TOTL.ZG;Latvia;LVA;8.938046233;17.31028302;3.275829374;0.219064905;2.811409201;2.534454242;2.930363124;0.140633335;0.174242244;0.620490637;-0.029454778;2.257789244;4.370735599;-1.08463595;3.534106729;15.40231911;10.09297758;6.536199088;6.748450279;6.192385472
Inflation, consumer prices (annual %);FP.CPI.TOTL.ZG;Lebanon;LBN;221.341644;171.2054913;154.756096;84.86433305;3.005389494;6.076989079;4.321352183;-0.783359624;-3.749145248;1.854604213;4.821019563;6.581474477;4.971485717;3.983479419;1.195096712;..;..;..;..;..
Inflation, consumer prices (annual %);FP.CPI.TOTL.ZG;Lesotho;LSO;6.342217431;8.271803899;6.04774592;4.978096763;5.187083592;4.751803016;4.447699374;6.596504907;3.218445137;5.37028961;4.865118995;6.051436621;5.036630521;-2.405242546;-16.85969105;10.71566613;8.01243669;6.072718797;3.437884231;5.023420686
Inflation, consumer prices (annual %);FP.CPI.TOTL.ZG;Liberia;LBR;..;..;..;..;..;23.5635149;12.41963239;8.834248683;7.748696876;9.861112856;7.577306817;6.831787034;8.488167518;7.289927969;7.427643059;17.48944864;11.39189668;7.341446083;10.83435885;7.829087049
Inflation, consumer prices (annual %);FP.CPI.TOTL.ZG;Libya;LBY;2.373175314;4.510301492;2.868330278;1.44703657;-2.162178835;13.17020385;25.80361848;25.85387421;10.40229336;2.432941416;2.605818027;6.059803922;15.51848153;2.799895001;2.459900256;10.3607289;6.25098783;1.459268762;2.650205761;-2.197567741
Inflation, consumer prices (annual %);FP.CPI.TOTL.ZG;Liechtenstein;LIE;..;..;..;..;..;..;..;..;..;..;..;..;..;..;..;..;..;..;..;..
Inflation, consumer prices (annual %);FP.CPI.TOTL.ZG;Lithuania;LTU;9.117319624;19.70504615;4.683544209;1.19989445;2.33450938;2.697927792;3.722888623;0.905525075;-0.884097406;0.103758009;1.047479371;3.089982771;4.130275626;1.319213621;4.453044565;10.92588562;5.737173828;3.739120041;2.658484841;1.164102521
Inflation, consumer prices (annual %);FP.CPI.TOTL.ZG;Luxembourg;LUX;3.74140362;6.336008078;2.526920091;0.819957302;1.743320757;1.528195243;1.730799591;0.290833333;0.474743161;0.628543985;1.734039635;2.662841655;3.410683411;2.273679116;0.368041998;3.40187963;2.312458618;2.666314946;2.487696652;2.225679164
Inflation, consumer prices (annual %);FP.CPI.TOTL.ZG;Macao SAR, China;MAC;..;1.045028024;0.026454365;0.811410511;2.751930811;3.004462932;1.228124041;2.368957497;4.56056338;6.048234521;5.500577792;6.107389283;5.806246167;2.809472421;1.169066955;8.611018586;5.571496891;5.149973378;4.395892843;0.980728452
Inflation, consumer prices (annual %);FP.CPI.TOTL.ZG;Madagascar;MDG;9.87432675;8.16059032;5.812251188;4.201793122;5.610514415;8.594229589;8.609050754;6.035758582;7.404191742;6.080408111;5.826429445;5.713844342;9.482540486;9.247321736;8.954218024;9.296508394;10.28796632;10.76563716;18.36382465;13.9558018
Inflation, consumer prices (annual %);FP.CPI.TOTL.ZG;Malawi;MWI;28.78974282;20.95396973;9.330144108;8.625514697;9.370836056;12.42017811;11.54339392;21.71111321;21.86734755;23.79206495;27.28333333;21.271265;7.622822628;7.411590929;8.422044277;8.712601866;7.952209909;13.97429435;15.41034466;11.42980608
Inflation, consumer prices (annual %);FP.CPI.TOTL.ZG;Malaysia;MYS;2.488865601;3.378698625;2.477102415;-1.138702154;0.662891866;0.884709161;3.871201158;2.090566595;2.104389802;3.142990509;2.105012312;1.663571025;3.174470922;1.622852356;0.583308406;5.440782211;2.027353178;3.609235642;2.975070927;1.421271159
Inflation, consumer prices (annual %);FP.CPI.TOTL.ZG;Maldives;MDV;2.927465424;2.333143376;0.543149689;-1.369774256;0.220029731;-0.133373386;2.817473382;0.502509414;0.953206659;2.120001757;3.805630009;10.88469566;11.27341461;6.149885368;4.530176591;12.04145835;6.794773539;2.738421316;1.300275009;-1.685412125
Inflation, consumer prices (annual %);FP.CPI.TOTL.ZG;Mali;MLI;2.058802283;9.621476085;3.925602831;0.43808894;-1.658266948;0.299546507;1.759857429;-1.799647071;1.450690576;0.883814547;-0.606736356;5.323128471;2.955643952;1.108926907;2.463751886;9.170988137;1.412002017;1.543525969;6.397882939;-3.099781281
Inflation, consumer prices (annual %);FP.CPI.TOTL.ZG;Malta;MLT;5.09396759;6.153756219;1.497892179;0.638544957;1.642060018;1.157823625;1.364354482;0.642702772;1.100548264;0.310306472;1.180284364;2.375820578;2.962985282;1.515635136;2.084327461;4.258621719;1.249219238;2.773780065;3.007966525;2.790828481
Inflation, consumer prices (annual %);FP.CPI.TOTL.ZG;Marshall Islands;MHL;..;..;..;..;..;..;..;..;..;..;..;..;..;..;..;..;..;..;..;..
Inflation, consumer prices (annual %);FP.CPI.TOTL.ZG;Mauritania;MRT;4.953050345;9.525266286;3.565164847;2.385694885;2.300092621;3.067359961;2.254276519;1.471710457;3.254726881;3.534368561;4.129101738;4.902427272;5.686319596;6.283540874;2.220920324;7.346635412;7.254108413;6.241033281;12.12564872;10.36762335
Inflation, consumer prices (annual %);FP.CPI.TOTL.ZG;Mauritius;MUS;7.052982385;10.77375122;4.028528882;2.580800772;0.40565519;3.216053831;3.666997027;0.977675135;1.286549708;3.21769192;3.543295739;3.852160333;6.522492549;2.932363014;2.516091281;9.732283171;8.827292724;8.913501057;4.93717005;4.710370601
Inflation, consumer prices (annual %);FP.CPI.TOTL.ZG;Mexico;MEX;5.527960873;7.896276192;5.689208477;3.396834156;3.635961421;4.899350154;6.04145724;2.821707847;2.72064065;4.018616081;3.806390697;4.111509811;3.407378246;4.156727227;5.297355842;5.124982746;3.966849055;3.629467624;3.988057146;4.688408848
Inflation, consumer prices (annual %);FP.CPI.TOTL.ZG;Micronesia, Fed. Sts.;FSM;..;5.408743755;3.191284066;0.554594631;1.923851708;1.498400236;0.582253735;-1.037468064;-0.298115837;0.650284892;1.752327374;5.01850353;5.082594039;3.313709631;6.393602577;8.423725662;3.30634278;4.637370086;4.257699782;2.276696982
Inflation, consumer prices (annual %);FP.CPI.TOTL.ZG;Moldova;MDA;13.41701044;28.73729768;5.10641129;3.765971222;4.837783514;3.045053973;6.570229975;6.35930898;9.676240331;5.088785546;4.597878974;4.546334274;7.687251034;7.483850864;-0.062718597;12.78304726;12.36716684;12.77775578;11.95918372;12.52427684
Inflation, consumer prices (annual %);FP.CPI.TOTL.ZG;Monaco;MCO;..;..;..;..;..;..;..;..;..;..;..;..;..;..;..;..;..;..;..;..
Inflation, consumer prices (annual %);FP.CPI.TOTL.ZG;Mongolia;MNG;10.34758313;15.14795609;7.352812434;3.796040261;7.301069536;6.824247901;4.301431053;0.733272227;5.735682819;12.25398081;10.49065676;14.33033483;8.411214953;10.04620659;7.619505935;27.95566502;9.630963096;5.095166617;12.71656741;8.241154494
Inflation, consumer prices (annual %);FP.CPI.TOTL.ZG;Montenegro;MNE;8.584769105;13.04030363;2.410801984;-0.2556557;0.361563705;2.611223783;2.380235991;-0.271385023;1.548691582;-0.710514052;2.205892681;4.14524725;3.450143112;0.65494657;3.466723732;8.758727696;4.347122157;2.924512581;..;..
Inflation, consumer prices (annual %);FP.CPI.TOTL.ZG;Morocco;MAR;6.091141525;6.657042028;1.40195884;0.705968661;0.303386037;1.803916711;0.754663249;1.635311143;1.557907113;0.442310054;1.880654667;1.287122401;0.90692491;0.993557401;0.971862999;3.714843115;2.042085127;3.28476167;0.98264166;1.493444034
Inflation, consumer prices (annual %);FP.CPI.TOTL.ZG;Mozambique;MOZ;7.126974821;10.27940181;6.40847653;3.483935675;2.802703079;3.9113344;15.11320739;17.41804182;3.550759674;2.559748758;4.261352509;2.60245457;11.16660561;12.42554217;3.788613309;14.5028053;8.489486755;13.24508791;6.427552781;..
Inflation, consumer prices (annual %);FP.CPI.TOTL.ZG;Myanmar;MMR;..;..;..;..;8.825066968;6.872328657;4.572536553;6.928825258;9.454171895;4.953299185;5.643038834;1.467583227;5.021460146;7.718381959;1.472343114;26.79953719;35.02459707;19.99648734;9.368618142;4.534213741
Inflation, consumer prices (annual %);FP.CPI.TOTL.ZG;Namibia;NAM;5.879934633;6.081281141;3.616905301;2.209382369;3.722394144;4.291591053;6.145799811;6.728582346;3.394015384;5.350169669;5.600925023;6.721997773;5.005595181;4.874919876;9.451726515;9.094643072;6.547881411;4.961166893;2.28194607;4.136632131
Inflation, consumer prices (annual %);FP.CPI.TOTL.ZG;Nauru;NRU;..;..;..;..;..;..;..;..;..;..;..;-0.124750499;0.3003003;..;..;..;..;..;..;..
Inflation, consumer prices (annual %);FP.CPI.TOTL.ZG;Nepal;NPL;7.114759517;7.650791768;4.149680034;5.052366553;5.568685478;4.061163388;3.627096107;8.79034332;7.868908956;8.364154697;9.040163119;9.459809804;9.227075461;9.326504107;11.09482374;9.907830053;2.269219244;6.920335807;6.836332659;2.841811312
Inflation, consumer prices (annual %);FP.CPI.TOTL.ZG;Netherlands;NLD;3.838393543;10.00120788;2.675720088;1.272460378;2.633699102;1.703497947;1.381458714;0.316666667;0.600248147;0.97603508;2.506898527;2.455547653;2.341070178;1.275305696;1.18977687;2.486501983;1.613858598;1.101501065;1.688130179;1.263647392
Inflation, consumer prices (annual %);FP.CPI.TOTL.ZG;New Caledonia;NCL;..;..;..;..;..;..;..;0.578317436;0.570508141;0.178851061;1.27761319;1.749672346;2.428996938;..;..;..;..;..;..;..
Inflation, consumer prices (annual %);FP.CPI.TOTL.ZG;New Zealand;NZL;5.73316283;7.17222476;3.941120608;1.7145617;1.619631902;1.598297038;1.850787675;0.646240284;0.292704628;1.227507506;1.134422664;1.059913184;4.027906674;2.30202386;2.115651106;3.958949373;2.376143103;3.365401962;3.037023326;2.290249028
Inflation, consumer prices (annual %);FP.CPI.TOTL.ZG;Nicaragua;NIC;8.387658549;10.46742445;4.928413969;3.681813416;5.376289908;4.94723728;3.850671663;3.523173176;3.997379967;6.035968618;7.135467853;7.193550533;8.082387981;5.455134259;3.687001605;19.82620313;11.12693474;9.140199668;9.599099861;8.470210636
Inflation, consumer prices (annual %);FP.CPI.TOTL.ZG;Niger;NER;3.700973164;4.226217919;3.837868028;2.89819376;-2.489792651;2.96760366;2.796373189;1.653889224;-0.57609037;-0.93028726;2.29723115;0.45508982;2.94238514;0.804073081;0.582906591;11.30510988;0.053959261;0.04048583;7.797497818;0.262543757
Inflation, consumer prices (annual %);FP.CPI.TOTL.ZG;Nigeria;NGA;24.6595502;18.84718778;16.95284572;13.24602343;11.39642234;12.09510652;16.50226621;15.69681264;9.00943498;8.04741088;8.495518383;12.2242413;10.82613719;13.74005214;12.53782773;11.58107517;5.388007969;8.22522152;17.86349337;14.99803382
Inflation, consumer prices (annual %);FP.CPI.TOTL.ZG;North Macedonia;MKD;9.361872498;14.20471732;3.230749121;1.200073489;0.766439573;1.458312985;1.351618897;-0.239290788;-0.299920476;-0.281705033;2.785000567;3.316055667;3.904754221;1.50997522;-0.739633963;8.33189667;2.251757983;3.213629296;0.525515951;-0.448650207
Inflation, consumer prices (annual %);FP.CPI.TOTL.ZG;Northern Mariana Islands;MNP;..;..;..;..;..;..;..;..;..;..;..;..;..;..;..;..;..;..;..;..
Inflation, consumer prices (annual %);FP.CPI.TOTL.ZG;Norway;NOR;5.517849871;5.764123179;3.483880553;1.286584907;2.167730033;2.764831345;1.875100596;3.55;2.171136654;2.041702867;2.120486204;0.696864111;1.284951588;2.418906395;2.197385869;3.753930818;0.712589074;2.329349808;1.532133676;0.454498502
Inflation, consumer prices (annual %);FP.CPI.TOTL.ZG;Oman;OMN;0.942793225;2.506142506;1.682211859;-0.406402919;0.490815363;0.889312371;1.589094136;1.109208058;0.065290133;1.014014839;1.053548203;2.947734953;4.042188671;3.256579591;3.468810238;12.37540915;5.830484181;3.544985916;1.909835535;0.624969063
Inflation, consumer prices (annual %);FP.CPI.TOTL.ZG;Pakistan;PAK;30.76812807;19.87385996;9.496210561;9.739993139;10.5783618;5.078057259;4.08537368;3.765119164;2.529328173;7.189384028;7.692156119;9.682351861;11.91609271;12.93887056;13.64776506;20.28612109;7.598684411;7.921084401;9.06332737;7.444624693
Inflation, consumer prices (annual %);FP.CPI.TOTL.ZG;Palau;PLW;12.79899287;12.35266384;2.612481858;0.218181818;0.267379679;2.109704641;1.417988197;-1.042305334;0.949040644;4.191745486;3.354810042;3.614180479;4.674698795;1.442190174;1.438135383;11.96557468;3.238750358;4.429811434;3.951462352;4.964075767
Inflation, consumer prices (annual %);FP.CPI.TOTL.ZG;Panama;PAN;1.486413553;2.859651288;1.630703373;-1.550275408;-0.355083821;0.761578359;0.875585919;0.739734025;0.137492058;2.626526999;4.027159916;5.698199592;5.875802437;3.491288726;2.409053041;8.758683177;4.168633003;2.457893464;2.855883248;0.474723078
Inflation, consumer prices (annual %);FP.CPI.TOTL.ZG;Papua New Guinea;PNG;2.298699913;5.253239222;4.48359014;4.871673986;3.928672909;4.374489215;5.42204568;6.673728814;5.995957781;5.222117202;4.96031746;4.537205082;4.44083401;6.013608936;6.918325326;10.76141823;0.911350456;2.368462384;1.780804399;2.158931313
Inflation, consumer prices (annual %);FP.CPI.TOTL.ZG;Paraguay;PRY;4.632022854;9.765566672;4.787983101;1.767515924;2.757097276;3.975610157;3.602477413;4.086822806;3.129002745;5.028827675;2.683857387;3.67591898;8.253968254;4.651162791;2.591946734;10.15478465;8.130474177;9.589349411;6.807382031;4.32326493
Inflation, consumer prices (annual %);FP.CPI.TOTL.ZG;Peru;PER;6.455613484;8.333706301;4.271663815;2.002412058;2.252121914;1.50915423;2.994900458;3.557176636;3.398091947;3.411945798;2.767896661;3.611212949;3.369310953;1.528320597;2.936231536;5.785875982;1.779986447;2.002258012;1.616301939;3.662473201
Inflation, consumer prices (annual %);FP.CPI.TOTL.ZG;Philippines;PHL;5.978025155;5.821158112;3.927180221;2.393162393;2.392065344;5.309346616;2.853187726;1.253698801;0.674192537;3.597823439;2.582687661;3.026963911;4.718417047;3.789836348;4.219030521;8.260447036;2.9;5.485232068;6.516853933;4.829210836
Inflation, consumer prices (annual %);FP.CPI.TOTL.ZG;Poland;POL;11.5289128;14.42945076;5.055027047;3.374469726;2.227478809;1.812951565;2.075935537;-0.664767331;-0.874125874;0.053821313;0.991982606;3.560371517;4.239401496;2.580693703;3.795392425;4.164971935;2.458743124;1.284693944;2.183798724;3.382646819
Inflation, consumer prices (annual %);FP.CPI.TOTL.ZG;Portugal;PRT;4.311281919;7.832691242;1.265657191;-0.01243833;0.33817841;0.993715683;1.368614116;0.607397075;0.487938624;-0.278153367;0.274416667;2.773338541;3.653011004;1.402572899;-0.835530022;2.588506577;2.453965281;3.107665459;2.277163949;2.365362041
Inflation, consumer prices (annual %);FP.CPI.TOTL.ZG;Puerto Rico;PRI;..;..;..;..;..;..;..;..;..;..;..;..;..;..;..;..;..;..;..;..
Inflation, consumer prices (annual %);FP.CPI.TOTL.ZG;Qatar;QAT;3.027648992;4.995275537;2.304465657;-2.54031503;-0.666641125;0.255815383;0.394878914;2.676591701;1.814077239;3.349720857;3.221977568;2.315348534;1.138366235;-2.425256752;-4.863278016;15.05014516;13.75816258;11.83580962;8.814395323;6.79933665
Inflation, consumer prices (annual %);FP.CPI.TOTL.ZG;Romania;ROU;10.39718748;13.79548874;5.052328761;2.631073112;3.827854326;4.625484431;1.339021211;-1.544796668;-0.594156437;1.068309877;3.984712355;3.334922677;5.789253288;6.091416686;5.587420043;7.850802557;4.837329283;6.558514123;9.014912833;11.87436359
Inflation, consumer prices (annual %);FP.CPI.TOTL.ZG;Russian Federation;RUS;..;..;6.69445892;3.381659372;4.470366608;2.878297236;3.683329444;7.04244763;15.53440505;7.823411839;6.753710262;5.074743008;8.440464859;6.849392303;11.64732958;14.11076778;9.007298689;9.668654548;12.68530395;10.88861573
Inflation, consumer prices (annual %);FP.CPI.TOTL.ZG;Rwanda;RWA;19.78954675;17.68920956;-0.391346748;9.850399023;3.34787655;-0.31121016;8.279536723;7.17434302;2.528502842;2.354490528;5.92426868;10.27101823;3.080170692;-0.246128693;12.94439784;15.43821387;9.080722059;8.882826548;9.014089181;12.25071029
Inflation, consumer prices (annual %);FP.CPI.TOTL.ZG;Samoa;WSM;8.118698155;10.96188223;3.133204732;-1.568912477;0.98232657;4.197458887;1.749896775;1.304718693;0.724470135;-0.406816088;0.610085721;2.049018835;5.235415915;0.777007269;6.324953362;11.56590684;5.577063932;3.700086806;1.856763926;16.31315079
Inflation, consumer prices (annual %);FP.CPI.TOTL.ZG;San Marino;SMR;..;..;..;..;..;..;1.045976835;0.57394802;0.145686073;1.112963034;1.604392981;2.827332242;2.899795843;2.585418156;2.19959237;4.293202493;2.498945757;2.095259356;1.685488905;1.430838685
Inflation, consumer prices (annual %);FP.CPI.TOTL.ZG;Sao Tome and Principe;STP;21.25891385;18.00563511;8.137770384;9.819327915;7.720245252;7.868596289;5.690296199;5.430519661;5.24587835;6.99849944;8.105832709;10.63793534;14.32716676;13.34005235;16.9574758;31.99010395;18.54851363;23.07703735;17.15220494;13.28588609
Inflation, consumer prices (annual %);FP.CPI.TOTL.ZG;Saudi Arabia;SAU;2.327085184;2.474073719;3.063289889;3.44545826;-2.093333333;2.45814158;-0.83819458;2.068840361;1.206073222;2.236290315;3.532524707;2.866268875;5.826216088;5.339416806;5.057223147;9.870247913;4.167823301;2.209024079;0.479230398;0.515506767
Inflation, consumer prices (annual %);FP.CPI.TOTL.ZG;Senegal;SEN;..;9.696818991;2.180322781;2.543146857;1.760111512;0.460985642;1.318153148;0.837284943;0.135211934;-1.090255074;0.710245487;1.418228712;3.403228298;1.228681197;-2.248021479;7.347202366;5.853304285;2.112285839;1.711333259;0.514781781
Inflation, consumer prices (annual %);FP.CPI.TOTL.ZG;Serbia;SRB;12.37190436;11.98151173;4.085102853;1.575532901;1.849229845;1.959840763;3.131062486;1.122313974;1.39235822;2.082447939;7.694263629;7.330385896;11.13739763;6.142553602;8.116950922;12.41098678;6.391706444;11.724023;16.11998065;11.02636272
Inflation, consumer prices (annual %);FP.CPI.TOTL.ZG;Seychelles;SYC;-1.035300884;2.626036329;9.76909937;1.20266464;1.807094008;3.702918391;2.856795756;-1.015481917;4.041944107;1.385834546;4.338938483;7.110370623;2.559267722;-2.404638751;31.75444077;36.96475829;5.320600273;-0.353465499;0.907187718;3.857303914
Inflation, consumer prices (annual %);FP.CPI.TOTL.ZG;Sierra Leone;SLE;47.64287333;27.20828838;11.87395888;13.44687111;14.80499909;16.02954477;18.2215094;10.88606094;6.689435625;4.639311714;5.52412878;6.587762394;6.79138292;7.185662757;7.469018985;8.211124323;11.64997445;..;..;..
Inflation, consumer prices (annual %);FP.CPI.TOTL.ZG;Singapore;SGP;4.821467295;6.12106004;2.30485959;-0.181916667;0.565260569;0.438620118;0.57626031;-0.53226874;-0.522618167;1.02514803;2.358604154;4.575602704;5.247793398;2.823661349;0.596720257;6.627781774;2.104880036;0.962901778;0.425106277;1.662727199
Inflation, consumer prices (annual %);FP.CPI.TOTL.ZG;Sint Maarten (Dutch part);SXM;..;..;..;..;..;..;2.19201011;0.111682656;0.330027165;1.886754663;2.528647885;4.015184211;4.584754357;1.338576217;5.957636888;-0.41792902;4.432457542;0.300601202;..;..
Inflation, consumer prices (annual %);FP.CPI.TOTL.ZG;Slovak Republic;SVK;10.53194766;12.77414636;3.149606299;1.936941267;2.664561334;2.514037129;1.311945882;-0.520010196;-0.325219777;-0.07616533;1.40047369;3.606102635;3.919285991;0.957018133;1.615104641;4.598179763;2.756723716;4.483331204;2.709084946;7.548500882
Inflation, consumer prices (annual %);FP.CPI.TOTL.ZG;Slovenia;SVN;7.446877174;8.833698867;1.917065061;-0.054856816;1.630522608;1.73860862;1.429107433;-0.054999542;-0.525552286;0.199343827;1.769200859;2.59741386;1.802851719;1.801170221;0.839262247;5.647423806;3.657495633;2.457924442;2.451501323;3.592975942
Inflation, consumer prices (annual %);FP.CPI.TOTL.ZG;Solomon Islands;SLB;5.88585897;5.518129286;-0.115437894;2.963549921;1.63485544;3.46147485;0.48868676;0.512485626;-0.574469286;5.165902379;5.391363886;5.912006025;7.34270706;1.051481633;7.092717169;17.3200652;7.666020135;11.21998702;7.330663416;6.985842027
Inflation, consumer prices (annual %);FP.CPI.TOTL.ZG;Somalia;SOM;..;..;..;..;..;..;..;..;..;..;..;..;..;..;..;..;..;..;..;..
Inflation, consumer prices (annual %);FP.CPI.TOTL.ZG;South Africa;ZAF;6.073908532;7.039726613;4.611672178;3.210035975;4.12024587;4.517165228;5.184246648;6.571396422;4.540642277;6.129837703;5.784469097;5.724657917;4.99926697;4.089729895;7.215314136;10.07457552;6.177806835;3.243907765;2.062846165;-0.692030271
Inflation, consumer prices (annual %);FP.CPI.TOTL.ZG;South Sudan;SSD;2.382804348;-6.687320942;10.51671583;29.67584355;87.24136415;83.50152949;187.8516303;379.9995856;52.76633042;1.674299063;-0.058090978;45.52589784;46.85217572;1.169621803;5.006273615;..;..;..;..;..
Inflation, consumer prices (annual %);FP.CPI.TOTL.ZG;Spain;ESP;3.532361335;8.390576341;3.09313512;-0.322753017;0.699518994;1.674981369;1.956076334;-0.202598;-0.50036571;-0.151114838;1.408581092;2.446127824;3.196101888;1.799864577;-0.287813084;4.07534336;2.786797458;3.515575768;3.368814098;3.039248811
Inflation, consumer prices (annual %);FP.CPI.TOTL.ZG;Sri Lanka;LKA;16.54117423;49.72110211;7.014780712;6.153945084;3.528393582;2.135037737;7.704137679;3.958888466;3.768367831;3.179002282;6.908450348;7.542913732;6.716768436;6.217648893;3.464963221;22.56449553;15.84211149;10.02018361;11.6396861;7.57592583
Inflation, consumer prices (annual %);FP.CPI.TOTL.ZG;St. Kitts and Nevis;KNA;3.557112308;2.668175331;1.19568887;-1.167245018;-0.329562064;-1.037122141;0.694916712;-0.687037123;-2.30187563;0.247865392;1.10698554;0.816089282;5.835165196;0.85087865;2.05793709;5.300296751;4.480886086;8.487485758;3.37781904;2.314554622
Inflation, consumer prices (annual %);FP.CPI.TOTL.ZG;St. Lucia;LCA;4.070608219;6.378146951;2.410703122;-1.755808335;0.539087559;1.935618932;0.104262079;-3.078217657;-0.983600953;3.516955514;1.46856511;4.177635871;2.769407941;3.250344092;-0.156936087;5.549547694;2.823103737;2.395620825;3.898273708;1.460368144
Inflation, consumer prices (annual %);FP.CPI.TOTL.ZG;St. Martin (French part);MAF;..;..;..;..;..;..;..;..;..;..;..;..;..;..;..;..;..;..;..;..
Inflation, consumer prices (annual %);FP.CPI.TOTL.ZG;St. Vincent and the Grenadines;VCT;4.564577198;5.660097792;1.572729325;-0.628131309;0.913069725;2.324144854;2.153336488;-0.149641648;-1.73361195;0.193858561;0.805127804;2.598444141;3.186031116;0.747109026;0.421539126;10.06624182;7.236147016;2.740675161;3.733429165;2.960039467
Inflation, consumer prices (annual %);FP.CPI.TOTL.ZG;Sudan;SDN;..;138.8084602;359.0930408;163.2577824;50.9940515;63.29250735;32.3516261;17.75025383;16.90957061;36.90664279;36.52234491;35.55905741;18.09661712;12.97766639;11.25675871;14.29712245;14.75427708;7.199129901;8.505850759;9.657546286
Inflation, consumer prices (annual %);FP.CPI.TOTL.ZG;Suriname;SUR;..;52.44602728;59.11966263;34.88978431;..;..;21.99694302;55.41238798;6.893903592;3.383412727;1.923436041;5.006863194;17.71177964;6.941082216;-0.133636647;14.66714274;6.426279345;11.28130433;9.898004896;9.98632512
Inflation, consumer prices (annual %);FP.CPI.TOTL.ZG;Sweden;SWE;8.548624897;8.369290989;2.163197364;0.497367319;1.784150974;1.953535301;1.794499047;0.984269245;-0.046784745;-0.179638494;-0.04429297;0.888377507;2.961150738;1.157988027;-0.494460544;3.437049106;2.212168834;1.360214686;0.453170853;0.373659829
Inflation, consumer prices (annual %);FP.CPI.TOTL.ZG;Switzerland;CHE;2.13540088;2.835027986;0.581814168;-0.725874933;0.36288618;0.936335464;0.53378784;-0.434618664;-1.143908672;-0.013202539;-0.217323155;-0.692552018;0.231349208;0.688238707;-0.480481936;2.426041171;0.732350603;1.059509283;1.171954203;0.802908731
Inflation, consumer prices (annual %);FP.CPI.TOTL.ZG;Syrian Arab Republic;SYR;..;..;..;..;..;..;..;..;..;..;..;36.70229534;4.753163889;4.397413832;2.920897118;15.74532522;3.907709504;10.02411054;7.240349393;4.433141367
Inflation, consumer prices (annual %);FP.CPI.TOTL.ZG;Tajikistan;TJK;..;..;..;..;..;..;..;6.004580823;5.714559496;6.104427651;5.009646453;5.83116601;12.43154904;6.445314408;6.448234811;20.47052191;13.14912471;10.01086519;7.091932441;7.141965087
Inflation, consumer prices (annual %);FP.CPI.TOTL.ZG;Tanzania;TZA;3.799232914;4.350272043;3.690919588;3.290290628;3.46428058;3.494458489;5.318716052;5.174766293;5.58816953;6.13161433;7.870723646;16.00109385;12.69096947;6.200155956;12.14222787;10.27839376;7.02551437;7.250972621;5.034570093;4.735801439
Inflation, consumer prices (annual %);FP.CPI.TOTL.ZG;Thailand;THA;1.228026235;6.077412284;1.230395413;-0.845937147;0.706728601;1.063897542;0.665631893;0.188149704;-0.900424963;1.895141819;2.184886185;3.014899503;3.808790581;3.247588424;-0.845716092;5.468489496;2.241540953;4.63747436;4.540369196;2.759149262
Inflation, consumer prices (annual %);FP.CPI.TOTL.ZG;Timor-Leste;TLS;..;..;..;..;0.95881274;2.29424307;0.52297668;-1.469842879;0.646148614;0.848838206;10.98723442;11.80030967;13.49984024;6.765976802;0.669681186;9.064236219;10.30090202;3.936162599;1.111674004;3.23751394
Inflation, consumer prices (annual %);FP.CPI.TOTL.ZG;Togo;TGO;..;7.967573616;4.186215065;1.699284633;0.67465277;0.927755426;-0.981889869;1.285448471;2.585003908;0.190875076;1.825394759;2.577181741;3.563514729;1.445945174;3.71360592;8.694828144;0.945673272;2.228977794;6.78292893;0.393078681
Inflation, consumer prices (annual %);FP.CPI.TOTL.ZG;Tonga;TON;6.351129803;10.97136529;5.640511406;-0.349737697;1.179543348;5.03209692;7.517062836;2.578155152;-1.05399832;2.510876333;0.775629322;1.147538537;6.27075303;3.534912392;1.426859721;10.44698751;5.842248749;6.149116065;8.665692211;10.97340537
Inflation, consumer prices (annual %);FP.CPI.TOTL.ZG;Trinidad and Tobago;TTO;4.629302424;5.828386385;2.059227469;0.598986331;1.00054293;1.018569302;1.880384402;3.070667425;4.661215981;5.684418146;5.199817405;9.260281371;5.107132893;10.54920032;6.978087253;12.03034455;7.894388348;8.329603515;6.874534596;3.72154939
Inflation, consumer prices (annual %);FP.CPI.TOTL.ZG;Tunisia;TUN;9.328995975;8.306461244;5.706350208;5.634151159;6.720075329;7.30759176;5.308848396;3.629399374;4.437371273;4.625550995;5.316235313;4.611844322;3.24002842;3.338979636;3.664903306;4.345028076;2.966944325;3.225253374;2.017786414;3.63228005
Inflation, consumer prices (annual %);FP.CPI.TOTL.ZG;Turkiye;TUR;53.85940876;72.30883599;19.59649269;12.27895745;15.17682157;16.3324639;11.14431108;7.775134153;7.670853648;8.854572714;7.493090305;8.891569965;6.471879671;8.566444206;6.250976631;10.44412838;8.75618091;9.597242123;8.179160368;8.598261681
Inflation, consumer prices (annual %);FP.CPI.TOTL.ZG;Turkmenistan;TKM;..;..;..;..;..;..;..;..;..;..;..;..;..;..;..;..;..;..;..;..
Inflation, consumer prices (annual %);FP.CPI.TOTL.ZG;Turks and Caicos Islands;TCA;..;..;..;..;..;..;..;..;..;..;..;..;..;..;..;..;..;..;..;..
Inflation, consumer prices (annual %);FP.CPI.TOTL.ZG;Tuvalu;TUV;..;..;..;..;..;..;..;..;..;..;..;..;0.500580743;..;..;..;..;..;..;..
Inflation, consumer prices (annual %);FP.CPI.TOTL.ZG;Uganda;UGA;5.350948043;7.19578886;2.204572048;3.313322895;2.867588034;2.61601191;5.209717059;5.706375046;5.589686063;3.07570669;4.905208757;12.67903772;16.56434962;3.976552885;13.01725619;12.05085555;6.138510833;7.310676136;8.448726423;3.72128744
Inflation, consumer prices (annual %);FP.CPI.TOTL.ZG;Ukraine;UKR;12.84902228;20.18363666;9.363139177;2.732492094;7.886717456;10.95185594;14.43832275;13.9127102;48.69986464;12.07185629;-0.238948626;0.568727972;7.955724663;9.372931051;15.88119246;25.22646171;12.83877962;9.052524911;13.56957649;9.048067861
Inflation, consumer prices (annual %);FP.CPI.TOTL.ZG;United Arab Emirates;ARE;..;4.827888596;-0.013859944;-2.079403179;-1.931081148;3.068633793;1.966825578;1.617488089;4.069966084;2.346268657;1.101118364;0.6622689;0.877346596;0.877983288;1.561813174;12.25042024;..;..;..;..
Inflation, consumer prices (annual %);FP.CPI.TOTL.ZG;United Kingdom;GBR;6.793967068;7.922048831;2.518371096;0.989486704;1.738104601;2.292839903;2.557755776;1.008417368;0.368046842;1.451120163;2.291666667;2.573234797;3.856112447;2.492654725;1.961731736;3.521408563;2.386561508;2.455661664;2.08913649;1.390397567
Inflation, consumer prices (annual %);FP.CPI.TOTL.ZG;United States;USA;4.116338384;8.002799821;4.697858864;1.233584396;1.812210075;2.442583297;2.130110004;1.261583206;0.118627136;1.622222977;1.464832656;2.069337265;3.156841569;1.640043442;-0.355546266;3.839100297;2.852672482;3.225944101;3.392746845;2.677236693
Inflation, consumer prices (annual %);FP.CPI.TOTL.ZG;Uruguay;URY;5.869103599;9.104379831;7.747914023;9.756406361;7.881988709;7.606533604;6.218093826;9.639413476;8.666269871;8.877353332;8.57513504;8.097765806;8.092832063;6.69870887;7.062218744;7.877073747;8.114645612;6.397649744;4.69927739;9.157605075
Inflation, consumer prices (annual %);FP.CPI.TOTL.ZG;Uzbekistan;UZB;..;11.4466437;10.84923975;12.86772974;14.52573596;17.52417965;13.87574254;8.130886695;8.751881967;9.283093562;11.84143336;13.20880267;13.77974465;..;..;..;..;..;..;..
Inflation, consumer prices (annual %);FP.CPI.TOTL.ZG;Vanuatu;VUT;..;6.679305819;2.343283582;5.329350731;2.762520194;2.330963796;3.084526244;0.842069084;2.483268757;0.798863838;1.458933718;1.347403629;0.873793105;2.762694695;4.29706573;4.841713222;3.935483871;2.040816327;1.199200533;1.418918919
Inflation, consumer prices (annual %);FP.CPI.TOTL.ZG;Venezuela, RB;VEN;..;..;..;..;..;..;..;254.9485348;121.7380853;62.16864998;40.63942752;21.06899563;26.09021232;28.18746471;27.08094145;..;..;..;..;..
Inflation, consumer prices (annual %);FP.CPI.TOTL.ZG;Viet Nam;VNM;3.252892827;3.1565075;1.834715548;3.220934367;2.795823675;3.539628059;3.520256888;2.66824817;0.631200905;4.084554466;6.592674759;9.094703396;18.67773228;9.207466488;6.7169827;23.11544835;8.344448898;7.418017151;8.284572431;7.754947487
Inflation, consumer prices (annual %);FP.CPI.TOTL.ZG;Virgin Islands (U.S.);VIR;..;..;..;..;..;..;..;..;..;..;..;..;..;..;..;..;..;..;..;..
Inflation, consumer prices (annual %);FP.CPI.TOTL.ZG;West Bank and Gaza;PSE;5.871101777;3.741223919;1.237481028;-0.735332001;1.580183336;-0.195107774;0.212570934;-0.219106605;1.431611458;1.7329851;1.724399336;2.779087683;2.877243585;3.749157276;2.753934851;9.889997887;1.859743794;3.842341256;4.107250707;3.004174986
Inflation, consumer prices (annual %);FP.CPI.TOTL.ZG;Yemen, Rep.;YEM;..;..;..;..;..;..;..;..;..;8.104725836;10.96844215;9.885387145;19.54356171;11.17483386;5.407760981;18.97625743;7.90511779;10.84479869;11.81126394;12.51509515
Inflation, consumer prices (annual %);FP.CPI.TOTL.ZG;Zambia;ZMB;10.88453169;10.99320392;22.02076762;15.73306047;9.150316443;7.494571927;6.577311542;17.86973008;10.11059289;7.806875536;6.977676055;6.575899708;6.429396811;8.501761334;13.39525463;12.44557935;10.6573496;9.019572472;18.3244397;17.96778911
Inflation, consumer prices (annual %);FP.CPI.TOTL.ZG;Zimbabwe;ZWE;..;104.7051706;98.54610509;557.2018174;255.3049908;10.61886587;0.893962316;-1.543669601;-2.430968424;-0.19778481;1.634950415;3.725326661;3.466129728;3.022670025;..;..;..;..;..;..
