Country;Indicator Name;2004;2005;2006;2007;2008;2009;2010;2011;2012;2013;2014;2015;2016;2017;2018;2019;2020;2021
Afghanistan;GDP per capita (current US$);221.6576621;255.0551071;274.0006557;375.0782615;387.8492881;443.8451505;554.5947346;621.9124138;663.1410528;651.9878619;628.1468039;592.4761648;520.2519549;530.1498626;502.0570992;500.5229808;516.8667974;363.6740871
Albania;GDP per capita (current US$);2373.581292;2673.787803;2972.743618;3595.038302;4370.539711;4114.134041;4094.349699;4437.141146;4247.631356;4413.063397;4578.633208;3952.803584;4124.05539;4531.032207;5287.660817;5396.214227;5343.037704;6377.203096
Algeria;GDP per capita (current US$);2624.795232;3131.328176;3500.13461;3971.803488;4946.564017;3898.478806;4495.921455;5473.281801;5610.733306;5519.777576;5516.229463;4197.419971;3967.20066;4134.936099;4171.795309;4021.983608;3354.157303;3700.311195
Andorra;GDP per capita (current US$);37630.76426;39583.93119;43084.29291;50562.86121;53721.41133;49750.69367;48237.89117;51428.19695;44902.38077;44747.75386;45680.53499;38885.53032;39931.21698;40632.23155;42904.82846;41328.6005;37207.222;42072.3411
Angola;GDP per capita (current US$);1254.696126;1900.723817;2597.963585;3121.348735;4081.717497;3123.698898;3496.784796;4511.153227;4962.552072;5101.983876;5059.080441;3100.830685;1709.515534;2283.214233;2487.500996;2142.238757;1502.950754;1903.717405
Antigua and Barbuda;GDP per capita (current US$);11650.84848;12808.01015;14310.68623;16006.13611;16457.10406;14530.59869;13404.51602;13117.14694;13686.47659;13350.14914;14004.81121;14861.88271;15862.65166;16110.3124;17514.35586;18187.77971;15284.77238;16740.3482
Argentina;GDP per capita (current US$);4258.160261;5086.627761;5890.978002;7210.595548;8977.506851;8184.389889;10385.96443;12848.74048;13082.66433;13080.25473;12334.79825;13789.06042;12790.26406;14613.03571;11795.16289;9963.674231;8496.428157;10636.11553
Armenia;GDP per capita (current US$);1166.638204;1608.163409;2109.526385;3064.279961;3908.949057;2917.366245;3143.029482;3462.681774;3643.715404;3833.157071;4017.229913;3666.141825;3679.952349;4041.995072;4391.923274;4828.504889;4505.867746;4966.513471
Aruba;GDP per capita (current US$);24104.64618;24975.67326;25833.44562;27665.42647;29011.55925;25739.13725;24452.92836;26044.43593;25609.95572;26515.67808;26942.30798;28421.38649;28451.27374;29326.70806;30918.51522;31902.76258;24487.86357;29342.10073
Australia;GDP per capita (current US$);30819.99349;34460.543;36570.76307;41023.75486;49681.21907;42810.46584;52132.46961;62598.68662;68047.37818;68156.3861;62515.31483;56708.9612;49876.71238;53934.15437;57206.99067;54941.06572;51722.069;60444.50236
Austria;GDP per capita (current US$);36889.23351;38417.45779;40669.32696;46915.3374;51919.98358;48153.32402;46903.76159;51442.27625;48564.91734;50731.12725;51786.37717;44195.81759;45307.58786;47429.15846;51466.55656;50070.40335;48809.22688;53637.70571
Azerbaijan;GDP per capita (current US$);1045.014165;1578.36733;2472.957257;3851.331012;5574.470962;4950.397437;5843.533768;7189.815151;7495.861942;7875.344611;7890.83525;5500.50462;3880.686267;4147.198619;4739.795242;4805.753718;4229.910649;5408.045352
Bahamas, The;GDP per capita (current US$);26393.41395;28280.87084;28829.84938;29687.86522;29013.63029;27120.69055;27046.65767;26644.92658;28059.6554;27389.60197;28720.66219;29724.95334;29675.53589;30708.98702;31483.97884;32279.01136;23998.26802;28260.43255
Bahrain;GDP per capita (current US$);15777.96364;17705.23516;19057.7989;20883.54803;23155.82145;19448.18326;21186.81433;23741.55746;25102.72635;25790.73031;25464.7601;22795.44886;22867.18112;24349.90987;25415.84662;25869.11291;23433.18724;26860.0725
Bangladesh;GDP per capita (current US$);469.1164584;492.8086489;503.5383322;552.3389345;630.1089792;698.5209416;776.8595769;856.3818868;876.8180068;973.7739002;1108.514957;1236.004398;1659.962489;1815.610191;1963.412707;2122.078386;2233.305893;2457.924049
Barbados;GDP per capita (current US$);12828.43895;14173.75138;15595.63946;17219.04868;17550.66334;16310.46053;16489.79582;16907.20926;16691.33264;16893.60627;16924.19034;16990.21947;17343.72544;17843.19793;18224.89059;19002.96238;16643.80658;17225.4623
Belarus;GDP per capita (current US$);2378.339757;3126.071767;3848.216026;4735.484753;6376.183153;5352.489591;6034.678852;6527.654969;6953.217307;7998.077953;8341.288104;5967.069185;5039.776032;5785.534975;6360.05206;6837.767232;6542.86454;7489.718947
Belgium;GDP per capita (current US$);35429.40779;36809.70134;38705.1068;44319.16545;48303.39796;44760.29124;44184.94635;47410.56693;44670.56068;46757.95186;47764.07151;41008.29672;42012.62272;44198.48239;47544.98115;46641.71166;45517.90382;51268.38804
Belize;GDP per capita (current US$);5106.053034;5212.661614;5475.72291;5707.113365;5656.408361;5348.997839;5397.291575;5521.366276;5645.895822;5887.933435;6068.088609;6142.478833;6148.706961;6100.994681;6059.162553;6210.565543;5266.87616;6228.267309
Benin;GDP per capita (current US$);784.1190746;805.9046858;837.1320026;944.6431712;1098.946678;1061.718359;1009.489494;1099.414311;1112.569535;1214.295566;1251.504765;1041.652523;1049.820303;1095.274459;1194.438214;1170.965533;1237.949295;1361.100749
Bermuda;GDP per capita (current US$);70359.31911;75882.03386;95221.85887;104287.3875;106935.4863;101407.764;101875.2841;97774.16207;98431.86518;99471.6389;98467.68399;102005.6256;106885.8785;111820.5815;113050.7369;116153.1661;107791.8864;111774.6691
Bhutan;GDP per capita (current US$);1050.133115;1201.433648;1299.631249;1714.031072;1780.112218;1768.745957;2194.12587;2491.273456;2470.072136;2409.439989;2589.899141;2695.636904;2879.546572;3240.706326;3210.707814;3303.962309;3009.925516;3266.362774
Bolivia (Plurinational State of);GDP per capita (current US$);951.9516229;1018.313662;1200.068092;1351.035154;1687.578567;1725.146286;1922.058662;2304.982295;2562.466784;2853.797162;3022.462884;2975.648811;3013.502707;3280.008214;3471.006951;3472.380831;3068.812555;3345.196588
Bosnia and Herzegovina;GDP per capita (current US$);2451.577258;2741.080141;3170.174873;3936.932459;4846.792101;4542.310904;4506.933669;4980.906155;4688.345902;5025.240652;5196.969426;4654.609552;4917.263698;5327.393184;6024.491546;6094.723214;6095.102479;7230.198163
Botswana;GDP per capita (current US$);4818.213103;5240.316159;5142.913834;5372.340732;5345.848491;4938.250136;6041.732051;7080.778297;6392.987347;6436.603063;6844.032996;5869.737772;6411.551666;6705.341062;6947.817841;6691.161051;5875.070606;7238.796096
Brazil;GDP per capita (current US$);3623.223905;4773.26848;5866.024313;7323.19034;8801.759475;8569.901805;11249.29374;13200.55817;12327.51556;12258.56485;12071.40465;8783.214413;8680.735421;9896.717511;9121.020092;8845.323931;6923.700197;7696.785531
Brunei;GDP per capita (current US$);21839.25931;25991.2062;30767.74738;32337.28152;37427.54886;27497.5417;34609.69996;46139.10684;46844.19672;43950.05706;41035.77314;30681.43744;26762.03743;28186.98339;31241.02397;30748.32019;27179.34442;31448.91361
Bulgaria;GDP per capita (current US$);3389.687613;3899.825138;4523.147525;5888.776852;7271.305201;6988.274819;6862.757687;7856.985958;7431.014045;7686.629222;7912.52054;7081.102336;7574.191264;8386.589202;9451.85087;9878.768872;10153.4766;12222.23565
Burkina Faso;GDP per capita (current US$);405.4512762;442.9444309;457.3420749;516.750328;621.8902712;603.8775451;627.2703954;727.6124749;733.9728789;762.3037803;767.3713442;632.1266858;665.7863285;711.1845439;779.2027681;772.1668775;833.2443361;893.077196
Burundi;GDP per capita (current US$);128.5384225;151.1885411;166.2762452;170.7068764;194.7106346;204.5447557;222.6605831;236.4513474;238.2059453;241.5476657;257.8185575;289.3596271;242.5395274;244.1454221;232.0606166;216.9729709;216.8274174;221.1578034
Cambodia;GDP per capita (current US$);410.0861329;475.0693943;539.7473654;629.9210767;742.3979724;734.8151186;782.6957387;880.3103044;950.4825446;1015.220881;1098.074538;1170.742816;1281.105971;1400.899265;1533.315985;1671.3854;1577.91174;1625.235022
Cameroon;GDP per capita (current US$);1119.980861;1129.35798;1177.968605;1311.002963;1476.009078;1445.860248;1383.813864;1497.926586;1433.723927;1559.13905;1631.713986;1399.675336;1426.065481;1479.862223;1594.060109;1538.687912;1539.130547;1666.932809
Canada;GDP per capita (current US$);32143.68141;36382.50792;40504.06073;44659.89514;46710.50558;40876.31015;47562.08343;52223.69611;52669.08996;52635.17496;50955.99832;43596.13554;42315.60371;45129.4293;46547.79518;46374.15275;43349.67786;52358.62164
Cape Verde;GDP per capita (current US$);1900.888467;1972.784937;2220.098177;3268.305689;3839.863644;3592.315891;3500.977452;3880.069182;3583.461717;3757.659953;3739.278279;3169.078915;3312.696757;3534.343583;3860.454811;3928.309096;3223.735602;3557.837775
Cayman Islands;GDP per capita (current US$);;;87184.51299;89960.68303;89704.22255;81398.3236;76873.19532;75435.61523;75466.13587;75685.35837;76610.64797;77295.84566;78858.27966;81255.11227;85231.77515;89846.3211;83897.50521;88475.60088
Central African Republic;GDP per capita (current US$);309.1902426;317.8776781;340.4145172;388.4777713;446.2287699;452.9222361;459.7769816;515.2095038;525.8675036;352.226855;394.8569331;351.8797548;372.1354561;414.7403226;435.9322963;426.408753;435.4692482;461.1375109
Chad;GDP per capita (current US$);460.0670181;664.5976565;716.6677686;806.710318;936.4941362;808.1615229;896.8767042;988.1941606;969.6161419;980.0835447;1017.787762;774.4116031;691.9800774;662.8974734;720.2651009;701.6212008;643.7722162;685.690315
Chile;GDP per capita (current US$);6185.514792;7561.830548;9418.062718;10461.36609;10783.17082;10182.86056;12767.78204;14628.57246;15406.49284;15833.27592;14666.34312;13569.94813;13785.6876;15045.52785;15795.70814;14627.14502;13165.38634;16247.40102
China;GDP per capita (current US$);1508.667946;1753.414263;2099.219342;2693.958555;3468.327063;3832.227428;4550.473924;5614.385739;6300.582352;7020.385682;7636.074223;8016.446016;8094.390375;8817.045496;9905.406118;10143.86021;10408.71912;12617.50499
Colombia;GDP per capita (current US$);2811.45945;3448.538274;3782.603504;4762.082973;5534.689447;5245.951665;6392.758026;7392.9436;8096.80151;8263.641929;8167.472842;6228.651622;5936.261022;6449.970987;6782.03792;6436.509215;5304.289129;6182.707099
Comoros;GDP per capita (current US$);1090.427168;1103.195417;1155.085676;1289.79485;1454.650909;1409.106673;1384.063284;1526.832638;1483.951559;1595.989819;1608.687875;1322.936775;1357.266229;1414.586689;1531.337811;1510.797323;1519.58678;1577.470841
Congo, Dem. Rep.;GDP per capita (current US$);187.856781;211.5726295;247.5419356;277.6120796;317.8892099;290.1556749;324.827726;376.3749811;412.7762607;444.8643574;472.266236;482.0645685;456.0279505;451.0890886;546.2125933;575.8827813;524.6666863;577.2092152
Congo, Rep.;GDP per capita (current US$);1314.41128;1810.588944;2116.868944;2219.912305;2848.65316;2283.949871;2962.76248;3415.062376;3753.860925;3719.651037;3622.530074;2347.818507;1970.250199;2088.500299;2512.384167;2288.808086;1838.448124;2290.382994
Costa Rica;GDP per capita (current US$);4376.080428;4643.45857;5188.361792;6055.086779;6841.91146;6737.860754;8147.243985;9137.455102;9971.651656;10633.26656;10737.67888;11529.95517;11899.81398;12118.13362;12383.14995;12669.34116;12179.25667;12537.25675
Côte d'Ivoire;GDP per capita (current US$);1267.764823;1267.087311;1303.564967;1451.232531;1683.337505;1638.804684;1654.177959;1701.704641;1649.301615;1903.054229;2124.01943;1941.581898;1999.195372;2113.341525;2295.540335;2290.787379;2349.069882;2613.378893
Croatia;GDP per capita (current US$);9723.381024;10446.36044;11489.39127;13728.52101;15857.71225;14387.65664;13664.20884;14623.99053;13410.82081;13949.12177;13970.98323;12071.09096;12550.70886;13562.14405;15003.14068;15086.21174;14236.53525;17747.78929
Cuba;GDP per capita (current US$);3403.296163;3791.873006;4336.87333;4814.854876;4992.824494;5094.437562;5275.532601;6106.006792;6467.337914;6814.243844;7117.52691;7683.757891;8055.889907;8543.360968;8831.907222;9139.415856;9499.590202;
Cyprus;GDP per capita (current US$);23792.62109;24959.25977;26729.32422;31244.92578;35397.36328;32109.24219;31105.02734;32485.80273;28991.92969;27797.45313;27244.34375;23487.21875;24715.14258;26697.00586;29419.88672;29417.92188;28035.98438;31552.03516
Czech Republic;GDP per capita (current US$);11749.87552;13430.66055;15261.80885;18466.57826;22804.6222;19861.69743;19960.06849;21871.26608;19870.80121;20133.16914;19890.91991;17829.69832;18575.23203;20636.19995;23424.48046;23664.84786;22992.87938;26822.51419
Denmark;GDP per capita (current US$);46511.93475;48799.74423;52027.18907;58487.04601;64321.67448;58163.63853;58041.39844;61753.64713;58507.50805;61191.1937;62548.98473;53254.85637;54663.99837;57610.09818;61591.92887;59592.98069;60915.4244;68007.75667
Djibouti;GDP per capita (current US$);813.8979436;852.8901883;907.8179438;980.0310324;1131.635726;1164.251683;1227.820853;1322.726251;1418.460858;2102.197948;2239.114538;2409.311902;2545.738799;2655.73322;2755.838293;2876.043664;2917.996281;3050.306282
Dominica;GDP per capita (current US$);5354.799195;5304.126097;5677.051175;6126.849496;6661.465047;7109.978253;7182.400203;7288.497948;7054.875977;7240.679119;7498.917522;7724.042411;8223.04145;7408.091301;7833.195013;8561.587011;7003.469891;7668.158132
Dominican Republic;GDP per capita (current US$);2468.436815;3903.815184;4080.045714;4676.079111;5053.330291;5002.153233;5509.568054;5859.381545;6049.471611;6171.295064;6533.670968;6838.936735;7191.069713;7513.497951;7947.159354;8173.344646;7167.914932;8476.749688
East Timor;GDP per capita (current US$);465.9299421;476.9188074;456.2854678;532.4854173;621.7118407;682.172795;810.1416095;936.5983633;1019.964911;1201.423609;1221.534229;1322.300887;1347.926361;1283.525882;1239.366087;1584.263822;1660.308309;2741.393945
Ecuador;GDP per capita (current US$);2703.565671;3014.310009;3340.840903;3579.032244;4260.433184;4240.702593;4640.246344;5202.656459;5678.455721;6050.354611;6374.631486;6130.586676;6079.088736;6246.404252;6321.349401;6233.258167;5645.19929;5965.132871
Egypt, Arab Rep.;GDP per capita (current US$);1016.253884;1133.105461;1332.33941;1586.472921;1941.899973;2212.218148;2509.772034;2645.622535;3059.135428;3088.890834;3196.861381;3370.382447;3331.612461;2439.967284;2531.200079;3017.258336;3571.556907;3886.722498
El Salvador;GDP per capita (current US$);2273.955503;2434.323531;2651.430888;2814.589889;2964.17214;2889.685887;3017.307395;3304.974183;3471.051269;3555.1621;3638.517658;3761.51368;3870.312982;3986.049014;4145.862351;4280.288404;3961.726633;4664.311223
Eritrea;GDP per capita (current US$);401.3745252;387.8985404;420.5287398;450.4097137;459.1784027;602.0632238;504.9724602;643.7900423;;;;;;;;;;
Estonia;GDP per capita (current US$);8914.103557;10412.64431;12639.40007;16744.58445;18204.96648;14711.73527;14663.04461;17487.80478;17403.20533;19056.00192;20261.06673;17402.03761;18295.34293;20437.76538;23165.84948;23424.48471;23595.24368;27943.70122
Eswatini;GDP per capita (current US$);2599.15215;2964.972331;3053.932496;3200.512571;3022.456056;3270.1377;4035.534502;4360.959888;4396.57932;4111.128353;3928.522911;3583.31129;3339.990427;3824.046783;4021.445556;3818.540425;3372.904639;3982.905229
Ethiopia(excludes Eritrea);GDP per capita (current US$);134.5424863;160.0767918;191.7512925;240.347972;320.8610897;373.8939587;335.4384953;348.0013483;458.5509208;490.7924741;557.5341484;630.3126271;705.6175123;755.7526451;758.2976902;840.4496034;918.6525941;925.0006972
Faeroe Islands;GDP per capita (current US$);35940.96286;36440.3222;41762.68751;48365.73654;51431.97478;47410.95857;48167.66751;51786.48548;50157.0628;55560.13613;60126.12921;52726.6887;56833.91437;59328.23348;62576.80375;63382.75314;61979.79544;69010.1662
Fiji;GDP per capita (current US$);3124.607389;3406.475158;3483.597185;3793.097385;3928.921739;3184.689123;3469.150224;4160.721585;4359.792845;4586.956165;5305.0634;5105.190039;5368.433659;5825.198813;6073.395195;5968.319557;4864.106008;4646.537921
Finland;GDP per capita (current US$);37772.17811;39054.85044;41222.602;48476.39273;53772.79424;47481.48454;46505.30318;51148.93164;47708.06128;49892.22336;50327.24029;42801.90812;43814.02651;46412.13648;49987.62616;48629.85823;49169.71934;53489.75202
Fm Sudan;GDP per capita (current US$);737.1228027;945.6895752;1179.898193;1500.673096;1585.58252;1382.621338;1706.414917;1982.816528;1797.400757;1834.561157;2076.000977;2226.409424;2614.294434;3188.769287;769.8691406;748.0109253;608.3325195;749.7067871
France;GDP per capita (current US$);33797.16244;34768.1759;36470.21284;41557.62356;45515.96175;41737.76355;40676.06479;43846.46608;40870.85236;42602.71797;43068.54872;36652.92231;37062.53357;38781.04949;41557.85486;40494.89829;39055.28293;43658.97898
French Polynesia;GDP per capita (current US$);20829.06574;21047.19291;21382.23578;23837.81755;25437.66849;23326.08745;21447.85823;21747.98888;19864.53568;20941.51722;21223.0754;18252.51413;18726.6395;19743.95899;20614.89439;20093.20862;18984.61738;19999.07676
Gabon;GDP per capita (current US$);5483.144572;6570.96327;6873.453984;8036.919948;9732.226524;7325.909508;8399.597344;10273.79845;9348.514868;9250.081117;9255.368037;7090.454634;6722.198222;6975.695197;7694.906045;7523.862278;6680.08267;8635.797144
Gambia, The;GDP per capita (current US$);596.6292799;618.9598062;615.9739283;725.0922752;857.8582399;772.1249279;796.6318388;705.4774939;686.5575601;647.3855375;561.6496393;611.6712178;640.6762701;632.0010179;683.3246379;722.875351;704.0304578;772.1514524
Georgia;GDP per capita (current US$);1305.047486;1642.783594;1996.019759;2635.367029;3324.754464;2822.689233;3233.220357;4021.754204;4421.929819;4623.884714;4739.277808;4014.112241;4062.126978;4356.928595;4722.042423;4696.150586;4255.742993;5023.274384
Germany;GDP per capita (current US$);34106.65812;34520.23965;36353.88033;41640.08087;45612.71062;41650.36783;41572.45595;46705.8958;43855.85447;46298.92292;48023.86998;41103.25644;42136.12079;44652.58917;47939.27829;46793.68676;46772.82535;51203.55447
Ghana;GDP per capita (current US$);405.4249676;477.6008364;904.1697251;1047.199209;1178.955877;1044.005237;1258.963903;1501.059171;1536.619916;2282.407501;1942.921869;1711.271471;1900.397836;1998.722666;2180.029684;2167.92544;2176.576218;2410.877309
Greece;GDP per capita (current US$);21995.47794;22560.14729;24821.93675;28863.97329;32127.98319;29828.75602;26716.64883;25483.88256;21912.99829;21787.78776;21616.71001;18083.87791;17923.96681;18582.08934;19756.99046;19144.28439;17658.9473;20192.5963
Greenland;GDP per capita (current US$);32023.68383;32489.72773;35458.25231;39780.94535;44366.78732;44918.84418;43988.52803;47186.88008;45936.95995;47535.49104;50485.22741;44536.35609;48181.87419;50765.69565;54545.29998;53309.57927;54693.51141;57116.41387
Grenada;GDP per capita (current US$);5470.603315;6308.665042;6295.281172;6790.63408;7343.44527;6810.440318;6760.974884;6775.749278;6900.765076;7205.254765;7726.378262;8379.621847;8849.513535;9309.261296;9574.310271;9887.920742;8437.536782;9010.5128
Guatemala;GDP per capita (current US$);1859.099338;2068.488161;2251.078833;2490.747774;2802.451459;2651.831609;2852.557652;3228.03814;3355.034599;3522.767541;3779.626042;3994.629085;4173.281303;4454.024661;4485.752384;4647.80734;4609.897258;5029.477338
Guinea;GDP per capita (current US$);405.6960598;321.3386332;452.2761597;657.9934738;712.099416;670.2612536;667.2816019;644.5025486;707.9676782;757.6922725;774.5690396;756.4255898;720.4732552;843.4642792;944.4172686;1043.899886;1073.659339;1189.175999
Guinea-Bissau;GDP per capita (current US$);394.995798;425.4718887;418.902079;480.4386022;583.2683059;543.5624692;542.2841012;683.534476;598.5726262;616.1599287;605.1225465;585.9570126;642.6663901;718.2457378;781.6443676;730.6114323;710.258133;795.118605
Guyana;GDP per capita (current US$);1036.019877;1085.784887;3138.082204;3609.908515;4011.386897;4213.816229;4589.87249;4960.004726;5461.390076;5576.250215;5495.377084;5668.429765;5905.380196;6220.978568;6094.909837;6477.296726;6863.074346;9998.544311
Honduras;GDP per capita (current US$);1201.247505;1289.823137;1409.579723;1559.886044;1713.418134;1762.34916;1874.271704;2053.959731;2107.345481;2064.550519;2164.424516;2257.225284;2295.536231;2403.306094;2457.686012;2519.366193;2354.12148;2771.722616
Hong Kong, China;GDP per capita (current US$);24928.10037;26649.63658;28224.09395;30593.95248;31515.52786;30697.53839;32550.13789;35142.48793;36730.79777;38403.77771;40315.37222;42432.16197;43734.19807;46160.42979;48537.56689;48359.00325;46109.22999;49764.79312
Hungary;GDP per capita (current US$);10301.7017;11223.3993;11489.56087;13940.90675;15772.32703;13077.30762;13217.5046;14234.47158;12984.83657;13715.07036;14294.25842;12717.0386;13104.69955;14621.2396;16425.20503;16786.21364;16125.60941;18772.14111
Iceland;GDP per capita (current US$);47334.95313;56794.88022;57492.93425;69495.72674;56943.35966;41301.27943;43237.07295;47714.59223;45995.54788;49804.983;54576.74481;52951.68151;61987.92636;72010.14903;74452.18907;68403.14481;58813.79698;68594.0081
India;GDP per capita (current US$);624.1050944;710.5093449;802.013742;1022.732476;993.5034125;1096.636136;1350.634457;1449.603301;1434.017978;1438.056995;1559.863772;1590.174322;1714.279541;1957.969814;1974.37773;2050.16379;1913.219721;2238.127139
Indonesia;GDP per capita (current US$);1136.755211;1249.397694;1572.79794;1840.329927;2144.389544;2239.095265;3094.443079;3613.800888;3668.212084;3602.885517;3476.624854;3322.581679;3558.818852;3839.785075;3902.661675;4151.227555;3895.618152;4334.215983
Iran, Islamic Rep.;GDP per capita (current US$);2751.793042;3226.613971;3736.177793;4838.003556;5623.911681;5602.556282;6458.573956;8201.581678;8329.002067;6280.681868;5757.543333;4990.936795;5497.243233;5758.590728;3829.829855;3276.753265;2746.419483;4084.200305
Iraq;GDP per capita (current US$);1314.762559;1740.66833;2253.547113;3099.59197;4504.508094;3686.402133;4430.426242;5736.898959;6437.503076;6612.902252;6215.986033;4416.942923;4305.202702;4725.193573;5601.467061;5621.181695;4251.337253;4770.835343
Ireland;GDP per capita (current US$);47754.20232;50933.02161;54329.16186;61396.41746;61353.10656;52133.09062;48663.60044;52183.13293;49054.69743;51546.35476;55643.05943;62053.98444;62895.91112;69970.94891;79250.38785;80927.07467;85420.19086;100172.0793
Israel;GDP per capita (current US$);20557.15507;21223.93559;22494.60002;25633.74961;30173.18336;28316.78537;31266.60532;34354.71612;33156.22832;36941.84236;38259.6811;36206.52222;37690.47395;41114.78171;42406.84543;44452.23256;44846.7916;52166.81216
Italy;GDP per capita (current US$);31317.20079;32055.09208;33529.7266;37870.74751;40944.91242;37226.75719;36035.645;38649.63948;35051.52127;35560.08141;35565.72138;30242.38614;30960.73151;32406.72032;34622.16967;33673.75096;31918.69349;35770.04961
Jamaica;GDP per capita (current US$);3819.284231;4200.388958;4435.571475;4738.449788;5056.258008;4452.120808;4835.791068;5259.931741;5365.242149;5143.722172;4991.564267;5077.551636;5022.703328;5273.148923;5594.493107;5626.170403;4897.26477;5183.5811
Japan;GDP per capita (current US$);38298.98017;37812.89102;35991.54239;35779.01568;39876.3063;41309.00165;44968.15623;48760.07895;49145.28043;40898.6479;38475.39525;34960.63938;39375.47316;38834.05293;39751.1331;40415.95676;39986.92863;39827.12677
Jordan;GDP per capita (current US$);2062.69597;2216.945182;2478.291944;2643.169309;3416.126067;3618.892617;3914.701231;4152.493981;4386.461819;4477.618321;4255.894302;4064.25301;4003.404746;4073.116403;4146.407311;4159.671408;3987.650174;4046.931467
Kazakhstan;GDP per capita (current US$);2874.288483;3771.278957;5291.574022;6771.416639;8458.019498;7165.224794;9070.488253;11633.99856;12386.69927;13890.634;12807.26307;10510.77031;7714.841844;9247.580687;9812.625422;9812.595536;9121.636402;10373.78979
Kenya;GDP per capita (current US$);462.6182158;522.7768371;699.3997381;840.1916319;915.9989157;1049.121794;1093.639628;1099.315465;1289.780795;1376.829206;1489.919724;1496.653568;1562.076611;1675.98843;1845.783413;1970.080063;1936.250752;2069.661137
Kiribati;GDP per capita (current US$);1063.878193;1142.335559;1101.457235;1300.758798;1356.647112;1249.302417;1438.080772;1644.407212;1698.91907;1628.642442;1546.881359;1459.143695;1506.23103;1566.447044;1607.22965;1410.01509;1403.993738;1766.143945
Korea, Rep.;GDP per capita (current US$);16496.12009;19402.50326;21743.47709;24086.41143;21350.42863;19143.85161;23087.22564;25096.26388;25466.76052;27182.73431;29249.57522;28732.23108;29288.87044;31616.8434;33436.92306;31902.4169;31721.29802;34997.78164
Kuwait;GDP per capita (current US$);27601.40006;36144.99495;42970.66313;45729.80604;55595.40848;37906.1503;39212.63528;49010.32037;51271.14865;47762.72232;43239.81365;29315.19607;27026.6482;29258.28964;32012.1352;30666.22066;24297.70114;32186.76541
Kyrgyzstan;GDP per capita (current US$);433.2349766;476.5518917;543.1107031;721.7695263;966.3938474;871.2242201;880.0385141;1123.883136;1177.975258;1282.438247;1279.770777;1121.082691;1120.667061;1242.770223;1308.139779;1374.031136;1182.521506;1306.177992
Lao PDR;GDP per capita (current US$);410.251319;467.3795927;581.0102436;699.0413761;887.6397349;936.7903214;1127.835236;1363.72529;1566.009745;1815.440238;1984.50867;2125.459057;2309.049076;2439.463355;2553.361866;2598.505523;2593.355097;2535.623434
Latvia;GDP per capita (current US$);6378.666521;7594.902384;9723.446902;14113.52913;16467.14369;12331.92855;11420.994;13338.96224;13847.33794;15007.49186;15742.39134;13786.4568;14331.75159;15695.11515;17865.03109;17945.22222;18207.13964;21080.17745
Lebanon;GDP per capita (current US$);4625.304247;4630.009214;4665.962801;5162.032959;5957.696754;7149.791498;7695.245415;7914.109568;8500.180563;8255.209211;7665.379692;7802.751368;8172.299476;8679.897422;9225.845155;8925.42186;5599.957523;4136.146575
Lesotho;GDP per capita (current US$);761.1810388;850.7752709;910.618541;848.0236874;885.6180571;866.4456896;1104.800538;1265.863867;1205.860003;1141.361038;1165.050705;1113.868632;986.2652568;1062.712399;1162.978792;1094.499438;939.5042491;1040.308623
Libya;GDP per capita (current US$);5823.637943;8108.052608;10060.36104;11158.11227;13921.89923;9560.803808;11611.3586;7784.133214;15765.41979;12589.52971;9408.752546;7867.515731;7945.00605;10529.11627;11838.29871;10542.42902;7034.658365;5908.951323
Lithuania;GDP per capita (current US$);6700.327192;7854.765279;9230.707981;12285.44705;14944.99665;11820.77616;11987.50841;14376.94786;14367.70942;15729.65247;16551.0182;14263.96458;15008.31324;16885.40739;19186.35959;19598.40087;20363.92441;23712.53578
Luxembourg;GDP per capita (current US$);76544.91709;80988.13762;90788.80049;107475.3203;120422.1379;109419.747;110885.9914;119025.0572;112584.6763;120000.1407;123678.7021;105462.0126;106899.2935;110193.2138;116786.5117;112621.8213;117370.4969;133590.147
Macao;GDP per capita (current US$);22381.92296;24886.58189;29637.76645;35782.86109;39745.76222;39754.97449;50676.38919;64528.36014;74111.60582;86853.47342;90873.60249;73220.63173;71919.05267;78985.63229;84923.30876;83183.47239;37646.49565;43873.41716
Madagascar;GDP per capita (current US$);277.5078265;311.7931266;330.5226701;427.8363292;522.8306219;455.4073737;459.375408;516.9025392;504.1737378;526.6880197;517.1361832;455.6380345;464.6161584;503.4980587;512.5439915;512.2796656;462.4042288;503.3520811
Malawi;GDP per capita (current US$);407.58899;417.1022634;443.5236757;478.0280765;557.5190094;630.1091541;688.1391912;769.0525992;563.0615397;501.197173;534.1269771;544.2768724;454.4432661;500.1655472;537.9322041;584.3628673;622.1845914;633.6097333
Malaysia;GDP per capita (current US$);4924.338111;5536.83797;6137.15061;7143.999446;8343.302548;7167.877376;8880.14604;10209.37191;10601.51091;10727.67055;11045.58098;9699.584909;9555.647335;9979.704757;11073.97859;11132.10345;10160.82935;11109.26529
Maldives;GDP per capita (current US$);4060.534405;3789.232024;5010.163424;5746.644258;6743.130961;6719.330257;7158.061411;7409.331704;7447.415454;8222.558022;8872.128664;9434.31191;9640.319191;10063.00371;10823.61048;11118.52623;7282.372916;10366.25678
Mali;GDP per capita (current US$);427.7173197;473.9950471;506.9118388;579.2571403;676.1270005;680.6499581;688.3278655;810.1825565;753.3921368;778.797053;818.4303416;723.504205;750.051809;795.6828021;856.3565959;840.1757461;822.9061375;881.5100886
Malta;GDP per capita (current US$);15243.15901;15866.14215;16723.87768;19485.95061;22205.28275;21083.12592;21798.90293;23155.11484;22526.65578;24769.4496;26753.26013;24921.6779;25623.85563;28823.34576;31566.35811;31506.55684;29196.97775;34218.21474
Mauritania;GDP per capita (current US$);801.7786831;974.6575859;1272.082434;1378.215121;1610.236957;1418.940825;1646.130447;1919.452248;1850.384968;1929.775661;1715.388838;1562.726853;1579.199301;1634.642845;1749.954236;1839.962778;1868.468248;2166.044797
Mauritius;GDP per capita (current US$);5388.062518;5282.900051;5695.975315;6574.663524;8030.052422;7318.12641;8000.376432;9197.042991;9291.236379;9764.644025;10366.35519;9507.871337;9965.725217;10841.68467;11643.4606;11403.25289;9005.462022;9062.722476
Mexico;GDP per capita (current US$);7525.487461;8321.859856;9125.387739;9719.927864;10119.82106;8104.922573;9399.964709;10341.50024;10376.0905;10865.68729;11076.13411;9753.400562;8875.082069;9434.378179;9857.007487;10145.15263;8654.997325;10045.67637
Micronesia, Fed. Sts.;GDP per capita (current US$);2155.78169;2256.011357;2298.636458;2344.403462;2420.749006;2598.403604;2760.01134;2885.441249;3023.585446;2920.700863;2928.448782;2891.322103;3022.653627;3320.354976;3623.329337;3699.081514;3639.412699;3571.336769
Moldova;GDP per capita (current US$);897.1784947;1034.391977;1183.024784;1531.216189;2110.553118;1898.439683;2436.799359;2941.362119;3044.808479;3321.043917;3289.167846;2749.913038;2847.635069;3454.95469;4156.9575;4404.950422;4376.242493;5235.636044
Mongolia;GDP per capita (current US$);784.912072;986.0180411;1322.640676;1625.318473;2134.949833;1718.914022;2660.288176;3793.743654;4402.304523;4422.300876;4211.939435;3919.351214;3690.756778;3708.248221;4165.022821;4394.94715;4041.174145;4566.140131
Montenegro;GDP per capita (current US$);3380.165121;3674.617924;4425.678873;5976.394145;7367.751909;6727.107767;6688.402684;7328.790465;6586.398684;7188.862445;7387.871036;6517.189614;7033.438006;7803.362579;8850.378404;8909.653336;7677.369141;9465.966408
Morocco;GDP per capita (current US$);2177.798828;2237.576172;2433.212646;2751.42334;3180.170654;3118.141602;3067.851807;3302.453125;3164.004639;3377.643555;3430.534668;3139.228271;3132.952148;3288.502686;3492.672363;3498.58252;3258.10498;3795.386963
Mozambique;GDP per capita (current US$);387.4757245;422.6428624;442.5590549;491.0984302;574.7697436;531.0269671;481.268197;605.27347;667.7177895;672.2039886;680.3753004;594.2269178;430.9929451;462.6999701;504.5358261;508.1634038;454.0623643;491.8390749
Myanmar;GDP per capita (current US$);198.3769239;221.8659075;246.6924955;321.8283481;472.2605905;600.9316172;765.2418886;1086.838467;1161.305962;1195.9378;1238.72871;1224.562368;1161.861818;1175.202555;1274.915663;1295.201487;1477.452905;1210.540688
Namibia;GDP per capita (current US$);3407.850912;3692.752796;4027.961706;4394.517549;4222.32636;4322.629351;5445.420063;5873.059381;6017.178488;5463.031366;5544.103813;4965.672829;4614.89218;5453.570623;5687.381186;5126.176143;4252.041807;4919.188955
Nepal;GDP per capita (current US$);279.7242003;309.3104201;341.02814;386.5295864;466.6933791;475.6359761;589.1654349;791.2255767;794.0925593;809.3844577;827.7447049;882.3076635;880.2248937;1027.965474;1161.53435;1185.682318;1139.189892;1229.394205
Netherlands;GDP per capita (current US$);40436.61823;41994.71353;44900.93814;51799.20855;57879.94376;52722.21306;50999.74512;54230.3129;50070.1416;52198.89756;52900.53742;45193.40322;46039.10593;48675.22234;53044.53244;52476.27325;52162.57012;57708.11121
New Caledonia;GDP per capita (current US$);25770.53108;26861.69844;29604.05263;36864.85763;37353.7373;35391.08787;37494.89516;40697.65294;37294.02281;38503.25385;39675.56631;32428.57211;32286.91056;33874.93076;36495.19599;34934.57949;34700.98162;36668.42535
New Zealand;GDP per capita (current US$);25420.33729;27751.06547;26654.5932;32479.98174;31252.96256;28209.36233;33676.77412;38387.62708;39973.38076;42976.64959;44572.89875;38630.72659;40058.19616;42910.97284;43236.88669;42796.43058;41760.59478;49996.42067
Nicaragua;GDP per capita (current US$);1075.998562;1158.881323;1223.083148;1323.839054;1493.904821;1438.096625;1495.733777;1644.801509;1746.421289;1794.782566;1913.521321;2025.327261;2079.445529;2127.277659;1981.863168;1905.638313;1876.607372;2064.925116
Niger;GDP per capita (current US$);281.3253601;316.3656478;331.103768;384.7183451;472.1784269;458.4218899;471.6126878;507.6024956;525.0472844;548.157849;560.7544753;481.1113011;497.0361208;514.5432689;567.3308492;550.9635431;564.8219973;590.6294814
Nigeria;GDP per capita (current US$);992.7452801;1250.406675;1652.15369;1876.412777;2227.789952;1883.887348;2280.111979;2504.878279;2728.022683;2976.756736;3200.953146;2679.554765;2144.779938;1941.879485;2125.834282;2334.023543;2074.613928;2065.749068
North Macedonia;GDP per capita (current US$);2795.897375;3072.679612;3362.970716;4079.390434;4841.253622;4584.712431;4577.689576;5098.094701;4728.313079;5241.053639;5495.7314;4861.55616;5149.586764;5450.497035;6108.739131;6070.388054;5965.450232;6694.641126
Norway;GDP per capita (current US$);57768.41243;67047.17046;74434.11281;85502.75393;97503.54078;80347.14416;88163.20859;101221.8135;102175.9193;103553.8401;97666.69518;74809.9658;70867.361;76131.8384;82792.84271;76430.58895;68340.0181;90655.39102
Occ.Pal.Terr;GDP per capita (current US$);1422.190886;1543.701414;1570.1044;1664.245717;2035.202341;2191.781787;2557.075624;2880.798437;3067.438727;3315.297539;3352.112595;3272.154324;3527.613824;3620.360487;3562.330943;3656.858271;3233.568638;3678.635657
Oman;GDP per capita (current US$);10030.44443;12357.70139;14533.72942;16151.27584;22974.27735;17937.97957;22552.19901;24166.09631;24722.63882;23563.9406;23121.20638;18777.43306;17082.2062;17802.57512;19887.57431;19132.15227;16707.62301;19509.46646
Pakistan;GDP per capita (current US$);631.4711708;688.5005879;770.8433394;837.6315379;914.7314893;884.4410142;911.0899961;1075.45102;1109.678735;1126.040776;1173.392309;1282.443026;1468.822077;1567.64062;1620.742596;1437.165834;1322.314783;1505.010193
Palau;GDP per capita (current US$);8297.895213;9603.797085;9805.92283;10270.45854;10380.26908;9960.84139;10029.28803;10795.56469;11835.38393;12418.82617;13580.00674;15761.36338;16743.37674;16011.66115;15948.27586;15567.09087;14016.2475;12083.88815
Panama;GDP per capita (current US$);4629.029316;4953.12998;5385.564243;6205.821576;7197.110786;7618.438459;8124.558307;9403.439908;10767.29318;11932.28622;12837.24796;13669.55944;14382.23238;15185.97248;16156.07429;16472.83175;13293.33321;15491.28979
Papua New Guinea;GDP per capita (current US$);624.0353213;748.7350734;1245.474263;1379.127071;1635.039364;1578.968437;1879.240444;2303.826661;2653.092358;2578.498647;2742.25005;2502.073746;2332.675664;2495.140474;2584.327738;2593.775798;2446.084413;2644.537173
Paraguay;GDP per capita (current US$);1776.932258;1960.514766;2426.417098;3194.262982;4360.429101;3920.186073;4702.91577;5772.99551;5621.244026;6435.82655;6629.426519;5861.389724;5759.018333;6136.058354;6242.961502;5807.838814;5353.348045;5959.441763
Peru;GDP per capita (current US$);2393.665897;2702.237701;3123.320159;3572.363589;4184.885982;4164.970483;5047.204643;5826.832307;6475.719417;6697.187683;6614.830499;6180.118799;6163.861179;6676.307788;6912.104623;6955.88177;6063.62658;6635.463923
Philippines;GDP per capita (current US$);1122.855528;1245.286591;1452.22142;1741.603505;1990.356146;1893.281623;2201.776819;2431.199965;2671.777538;2847.567954;2935.928578;2974.29692;3038.152046;3077.434432;3194.672704;3413.849067;3224.422811;3460.539401
Poland;GDP per capita (current US$);6681.31036;8021.547064;9035.531788;11254.31409;13995.7831;11525.90197;12504.25019;13776.3894;13010.75692;13558.34256;14181.95018;12560.05142;12378.81176;13815.49995;15504.50894;15700.01358;15816.8204;17999.83227
Portugal;GDP per capita (current US$);18064.15809;18780.12751;19839.45405;22811.05648;24949.04136;23151.21541;22520.64231;23217.2955;20563.7136;21653.19598;22103.70097;19250.10654;19991.97249;21490.42986;23562.55452;23330.81729;22242.40642;24598.47279
Qatar;GDP per capita (current US$);40792.27647;52468.44565;59978.86121;64706.9899;79811.59774;60733.9817;73021.30975;92992.99713;98041.36224;97630.82552;93126.14946;66984.9102;58467.23557;59407.69805;66264.08117;62827.39695;52315.66008;66838.32764
Romania;GDP per capita (current US$);3494.990743;4618.003244;5757.53059;8360.337759;10435.2166;8548.04859;8397.809173;9560.15838;8930.729912;9497.207427;10031.34215;8976.955236;9404.380487;10727.97175;12494.42464;12957.99911;13047.45768;14927.11686
Russian Federation;GDP per capita (current US$);4102.364746;5323.455078;6920.199707;9101.239258;11635.28418;8562.824219;10674.99023;14311.06445;15420.8584;15974.62305;14095.64648;9313.021484;8704.894531;10720.33203;11287.35449;11536.25879;10194.44141;12593.15723
Rwanda;GDP per capita (current US$);270.3030316;325.0242237;358.1108537;427.4199018;529.52427;564.9718753;594.1095118;650.936182;706.139034;704.4235236;724.7286812;733.8228504;728.806677;756.5476049;768.9641303;806.1280144;773.8205575;821.2281941
Samoa;GDP per capita (current US$);2168.027953;2527.762838;2639.805669;3011.100809;3344.054559;3250.953097;3494.39529;3789.626478;3902.312164;3989.898249;3948.728781;4048.467057;4105.810681;4261.640513;4189.052219;4308.301453;4042.722715;3857.356685
Sao Tome and Principe;GDP per capita (current US$);726.5977285;843.9550846;861.5182369;878.1354699;1080.556592;1054.416091;1079.689654;1244.271625;1319.900833;1551.192905;1754.600471;1571.49854;1688.375303;1805.524651;1950.629352;1991.738264;2161.310201;2360.543554
Saudi Arabia;GDP per capita (current US$);10935.01659;13462.76305;14848.60206;15756.19362;18944.85735;15064.63128;17958.94783;22441.57114;24069.20331;23945.51231;23862.80119;20442.36606;19930.40754;20910.48296;24175.58312;23405.70611;20398.06099;24160.67605
Senegal;GDP per capita (current US$);941.8737919;1003.187194;1038.579092;1210.167497;1419.530902;1323.971225;1286.604966;1383.539117;1334.725914;1391.53219;1417.094988;1238.1264;1290.749971;1385.199215;1484.227069;1462.678352;1492.475904;1633.560119
Serbia, FR(Serbia/Montenegro);GDP per capita (current US$);3502.802924;3720.479155;4382.617279;5848.476405;7101.040141;6169.114195;5735.422857;6809.159804;6015.945228;6755.073675;6600.056186;5588.979444;5765.203352;6292.546549;7252.403668;7417.206585;7733.803494;9230.174447
Seychelles;GDP per capita (current US$);10827.67164;11802.11183;12782.99466;12669.30354;11265.43729;9748.955518;10938.15309;12113.88181;12342.51009;14729.62703;15188.17428;14894.48578;15409.80502;15961.24168;16409.47113;16851.11976;12020.02191;12963.06467
Sierra Leone;GDP per capita (current US$);258.4731688;286.2859558;320.5143892;358.0773395;402.553446;386.4338685;400.5406934;443.451832;558.1797747;706.4526652;702.3386033;581.2934118;515.4478314;484.4561156;519.6499835;506.6069082;493.4322524;504.6212722
Singapore;GDP per capita (current US$);27608.07457;29961.30828;33768.44574;39432.89474;40008.57676;38926.81311;47236.67154;53891.46229;55547.54625;56967.42579;57564.80231;55645.60686;56895.64334;61164.89736;66836.53851;66070.47067;61274.00646;77710.06996
Slovak Republic;GDP per capita (current US$);10691.44655;11690.11347;13170.78498;16106.06044;18753.58494;16597.20846;16908.84796;18509.74022;17498.3539;18276.00955;18719.98814;16390.88217;16563.4405;17585.197;19486.39368;19381.59211;19551.62116;21782.85507
Slovenia;GDP per capita (current US$);17233.13856;18098.90854;19672.96556;23817.88673;27595.59997;24792.12798;23532.48085;25128.01504;22641.80512;23503.28249;24247.17332;20890.16643;21678.35947;23514.02546;26123.74713;26016.07868;25545.241;29291.40062
Solomon Islands;GDP per capita (current US$);991.9885636;1145.86655;1250.953787;1377.862006;1504.527559;1526.159971;1661.997814;1921.356345;2087.637662;2208.085253;2235.733596;2134.805424;2196.283908;2283.578944;2450.482931;2398.772963;2222.462143;2232.536956
South Africa;GDP per capita (current US$);5268.278984;5893.186767;6139.581467;6662.062785;6251.877175;6444.18672;8059.562841;8737.04111;8173.869138;7441.230854;6965.137897;6204.929901;5735.066787;6734.475153;7048.508112;6688.774746;5741.641249;7055.055176
Spain;GDP per capita (current US$);24907.00085;26429.15094;28389.07858;32591.35031;35510.72223;32169.50285;30532.48051;31677.90031;28322.94659;29077.18206;29513.65118;25754.36103;26537.15949;28185.32137;30379.72111;29581.51855;26959.67544;30103.51373
Sri Lanka;GDP per capita (current US$);1060.136943;1240.518312;1423.190623;1611.175582;2007.02666;2053.766445;2836.974098;3248.040215;3351.892489;3643.832449;3885.62361;3990.353123;4107.829762;4388.201908;4360.584742;4082.694048;3852.389968;3994.246958
St. Kitts and Nevis;GDP per capita (current US$);10882.35294;11711.15471;13747.80934;14660.96321;16491.88509;16374.25689;16427.62101;17571.98446;17293.80605;18315.91468;19945.39267;20025.88485;21095.25404;22160.60363;22548.15063;23219.40905;18566.01785;18082.68799
St. Lucia;GDP per capita (current US$);6494.600349;6866.092387;7618.90542;7975.792541;8528.682085;8259.322338;8672.128999;9110.75181;9231.661827;9542.713574;10007.18689;10290.35048;10574.3026;11270.4329;11563.87207;11726.67715;8458.075063;9414.137741
St. Vincent and the Grenadines;GDP per capita (current US$);4883.313665;5176.128147;5775.091747;6439.008398;6641.495878;6503.097772;6590.989579;6566.482713;6754.370184;7117.554763;7210.616549;7386.737484;7684.779282;7996.656233;8399.693967;8680.241982;8306.367581;8360.101059
Suriname;GDP per capita (current US$);2906.725278;3474.120757;5031.158465;5562.334068;6616.815126;7176.857658;7999.508366;8009.252302;8922.956186;9124.541093;9199.177893;8907.838127;5705.399232;6112.882912;6730.836783;6690.044786;4796.533314;4869.134226
Sweden;GDP per capita (current US$);42821.75084;43437.13093;46593.29168;53700.24369;56152.55944;46946.84271;52869.04429;60755.75955;58037.82132;61126.9432;60020.36046;51545.48361;51965.15715;53791.50873;54589.06039;51939.42974;52837.90398;61143.22124
Switzerland;GDP per capita (current US$);54659.6403;56243.9473;59008.99301;64991.00515;74175.87764;71565.56998;76531.37294;90476.75897;85836.20768;87304.33058;88724.99094;83806.4476;82153.07454;82254.37693;85216.64295;84121.93103;85656.32267;91991.60046
Syrian Arab Republic;GDP per capita (current US$);6241.058232;7221.643883;7914.771494;8695.844461;10155.97367;10288.14905;11304.64493;2971.282434;1910.604526;993.7398831;1071.234204;857.4978675;664.3416723;862.3190638;1111.872093;1124.520554;537.2113614;
Tajikistan;GDP per capita (current US$);305.2660435;333.7139384;401.0268293;517.4348725;704.6501788;666.7212906;740.2761913;837.8814952;959.3602175;1038.320717;1094.430124;970.3625997;801.39384;844.3652499;850.6669582;889.0233718;852.3302296;916.6919671
United Republic of Tanzania;GDP per capita (current US$);447.5133362;480.2756348;473.367981;539.1223145;671.5736084;681.2437134;730.8132935;768.9334717;854.5432129;955.3212891;1012.984741;929.1072388;942.8813477;975.9245605;1011.59967;1050.932373;1104.164429;1146.031982
Thailand;GDP per capita (current US$);2647.260738;2876.245758;3343.785932;3934.690956;4327.797517;4154.187432;4996.372098;5396.643527;5748.632782;6041.134013;5822.377723;5708.794147;5854.463852;6436.789649;7124.558867;7628.576087;7001.785413;7060.897609
Togo;GDP per capita (current US$);551.8476777;542.8178059;544.0055167;598.3065987;725.8544458;717.677305;709.1406701;779.7635197;759.8959722;826.4286073;853.0078138;760.2429116;787.2801616;814.4198376;873.5551563;848.3048269;875.2454099;964.0500102
Tonga;GDP per capita (current US$);2195.985939;2478.427122;2751.960017;2799.368777;3221.079699;2915.494578;3416.110432;3852.143788;4378.572815;4208.188686;4125.426028;4117.93037;3978.438212;4367.25563;4649.613513;4878.978188;4605.970878;4425.970591
Trinidad and Tobago;GDP per capita (current US$);9756.513279;11673.85875;13340.91627;15627.28682;20011.14827;13682.76361;15711.53817;17910.31718;18961.23359;19821.52865;20327.98346;18389.53103;15991.10879;16094.66678;16164.16133;15690.9631;13871.79822;16032.50277
Tunisia;GDP per capita (current US$);3029.849579;3106.575832;3279.10282;3678.061523;4200.17378;4029.461206;4241.01191;4361.948089;4233.917158;4308.337421;4398.638695;3960.924849;3796.109011;3569.718839;3577.16946;3477.844271;3497.733231;3807.184563
Turkey;GDP per capita (current US$);6031.79031;7369.431295;8003.812177;9668.399443;10802.60048;8989.735883;10614.98457;11308.37174;11697.47436;12507.80316;12020.34966;10851.92011;10734.25647;10464.00779;9400.836337;9103.012397;8561.064333;9661.227734
Turkmenistan;GDP per capita (current US$);1418.806266;1658.672779;2074.407389;2520.285026;3778.668539;3901.670283;4286.880505;5453.155005;6441.886618;7049.797505;7685.509859;6208.296655;6163.253406;6354.53283;6721.34954;7180.459552;7297.180042;
Turks and Caicos Isl.;GDP per capita (current US$);21233.9324;24115.26568;28728.56972;29446.08269;31459.54343;24602.91102;23103.94268;23649.71443;22666.40691;22451.56873;24040.87466;25783.2941;26995.03216;25659.19586;26831.97146;27795.14856;20882.26127;23158.6379
Tuvalu;GDP per capita (current US$);2328.492145;2311.337166;2402.479309;2803.247294;3103.039909;2697.635293;3043.165323;3663.266294;3624.984174;3536.901175;3556.378789;3384.382534;3836.073071;4181.437569;4419.256323;4940.050682;4674.909088;5372.756766
Uganda;GDP per capita (current US$);292.4726656;330.6028543;346.7684624;401.7091877;473.3028336;799.9296321;824.7376712;837.0958843;796.7111393;819.7578674;897.5097285;864.1800594;753.6844055;766.177604;793.1280823;823.0247328;846.8811992;883.4657281
Ukraine;GDP per capita (current US$);1416.60376;1894.460083;2391.323975;3197.934326;4066.53125;2639.37793;3078.414795;3704.842285;4004.789795;4187.739746;3104.653809;2124.662598;2187.727539;2638.325439;3096.5625;3661.457764;3751.737305;4827.845703
United Arab Emirates;GDP per capita (current US$);37017.73637;42190.55438;45339.58512;43918.38017;45140.76908;31722.58876;34165.91331;40893.02336;44386.78608;45729.60768;46865.9646;41525.1389;41054.53957;43063.96748;46722.26872;45376.17084;37629.17417;44315.55418
United Kingdom;GDP per capita (current US$);40392.26486;42131.82707;44537.71234;50438.2296;47432.8791;38820.01459;39693.19387;42150.69814;42485.58607;43449.09172;47447.58893;45071.07432;41146.07736;40622.68939;43306.3083;42747.08046;40318.41692;46585.89756
United States;GDP per capita (current US$);41724.63163;44123.40707;46302.00088;48050.22378;48570.04598;47194.94335;48650.64313;50065.9665;51784.41857;53291.12769;55123.84979;56762.72945;57866.74493;59907.75426;62823.30944;65120.39466;63528.6343;70219.47245
Uruguay;GDP per capita (current US$);4130.100115;5233.457171;5942.126667;7149.374634;9328.065857;9780.739473;12512.59413;14975.56256;16087.25208;18140.89192;18131.57885;16950.75338;16837.94038;18995.39702;19026.04961;18098.36155;15650.49943;17923.99533
Uzbekistan;GDP per capita (current US$);465.1198869;546.7768502;654.2838373;830.4076942;1082.286025;1213.265328;1742.349256;2051.129515;2267.623275;2419.718744;2628.460054;2753.971058;2704.677189;1916.764625;1604.258642;1795.201768;1759.307471;1993.424478
Vanuatu;GDP per capita (current US$);1718.263029;1814.81782;1970.898405;2261.459294;2525.083912;2472.463556;2732.551557;3064.751212;2906.342461;2877.444528;2861.203164;2643.886894;2757.203306;3032.19702;3076.835315;3076.589886;2917.756849;3044.57364
Venezuela;GDP per capita (current US$);4287.631579;5456.322425;6769.868414;8369.235268;11310.77817;11641.79915;13692.91497;10877.11236;12937.9276;12433.98079;15975.72938;;;;;;;
Viet Nam;GDP per capita (current US$);551.9035051;693.1898425;790.5925164;913.3123316;1158.101627;1225.845009;1684.011667;1953.556979;2190.232284;2367.499542;2558.778924;2595.234979;2760.717101;2992.071746;3267.225009;3491.091279;3586.347297;3756.489122
Yemen;GDP per capita (current US$);669.1033619;785.4512497;867.7829367;956.2306352;1153.536424;1045.80558;1249.063085;1284.617635;1349.990295;1497.747941;1557.601406;1488.416267;1069.816997;893.7165729;701.7148778;693.8164835;583.8756629;603.7079594
Zambia;GDP per capita (current US$);556.0500066;720.4465047;1065.596417;1133.436158;1393.519491;1150.941746;1469.36145;1644.456831;1729.647471;1840.320553;1724.57622;1307.909649;1249.923143;1495.752138;1475.199836;1268.120941;956.8317475;1137.344395
Zimbabwe;GDP per capita (current US$);477.399491;470.7837614;441.4987969;425.0368417;351.8391005;762.2979603;937.84034;1082.615773;1290.193957;1408.36781;1407.034291;1410.329173;1421.787791;1192.107012;2269.177012;1421.868596;1372.696674;1773.920411
